run,batch,acquired_apas,aimed_channels,pde
29823,3192,"[3,4]","[11113,11117,11121,11146,11221,11225,11227,11237]",0.4
29824,3192,"[3,4]","[11123,11144,11145,11147,11223,11231,11235]",0.4
29825,3192,"[3,4]","[11112,11114,11120,11124,11130,11132,11140,11141,11142,11143,11216,11220,11224,11232,11234,11245,11247]",0.4
29826,3192,"[3,4]","[11100,11102,11105,11107,11116,11122,11125,11126,11133,11134,11135,11137,11200,11201,11202,11203,11204,11205,11206,11207,11210,11212,11213,11214,11215,11217,11226,11230,11236,11240,11242,11300,11302,11305,11307]",0.4
29827,3192,"[3,4]","[11136]",0.4
29828,3192,"[3,4]","[11101,11103,11104,11106,11127]",0.4
29829,3192,"[3,4]","[11113,11117,11121,11146,11221,11225,11227,11237]",0.45
29830,3192,"[3,4]","[11123,11144,11145,11147,11223,11231,11235]",0.45
29831,3192,"[3,4]","[11112,11114,11120,11124,11130,11132,11140,11141,11142,11143,11216,11220,11224,11232,11234,11245,11247]",0.45
29832,3192,"[3,4]","[11100,11102,11105,11107,11116,11122,11125,11126,11133,11134,11135,11137,11200,11201,11202,11203,11204,11205,11206,11207,11210,11212,11213,11214,11215,11217,11226,11230,11236,11240,11242,11300,11302,11305,11307]",0.45
29833,3192,"[3,4]","[11136]",0.45
29834,3192,"[3,4]","[11101,11103,11104,11106,11127]",0.45
29835,3192,"[3,4]","[11113,11117,11121,11146,11221,11225,11227,11237]",0.5
29836,3192,"[3,4]","[11123,11144,11145,11147,11223,11231,11235]",0.5
29837,3192,"[3,4]","[11112,11114,11120,11124,11130,11132,11140,11141,11142,11143,11216,11220,11224,11232,11234,11245,11247]",0.5
29838,3192,"[3,4]","[11100,11102,11105,11107,11116,11122,11125,11126,11133,11134,11135,11137,11200,11201,11202,11203,11204,11205,11206,11207,11210,11212,11213,11214,11215,11217,11226,11230,11236,11240,11242,11300,11302,11305,11307]",0.5
29839,3192,"[3,4]","[11136]",0.5
29860,3192,"[3,4]","[11101,11103,11104,11106,11127]",0.5
31157,3192,"[1,2]","[10401,10403,10411,10413,10415,10445,10447,10914,10916,10941]",0.4
31158,3192,"[1,2]","[10405,10407,10414,10431,10440,10441,10442,10443,10444,10446,10910,10912,10913,10915,10925,10930,10931,10932,10933,10934,10935,10936,10937]",0.4
31160,3192,"[1,2]","[10404,10412,10416,10421,10433,10434,10435,10437,10903,10904,10906,10911,10917,10922,10947]",0.4
31161,3192,"[1,2]","[10402,10423,10424,10427,10436,10900,10901,10902,10905,10907,10920,10924,10946]",0.4
31162,3192,"[1,2]","[10400,10406,10425,10426,10923]",0.4
31163,3192,"[1,2]","[10420,10422,10921]",0.4
31165,3192,"[1,2]","[10401,10403,10411,10413,10415,10445,10447,10914,10916,10941]",0.45
31166,3192,"[1,2]","[10405,10407,10414,10431,10440,10441,10442,10443,10444,10446,10910,10912,10913,10915,10925,10930,10931,10932,10933,10934,10935,10936,10937]",0.45
31167,3192,"[1,2]","[10404,10412,10416,10421,10433,10434,10435,10437,10903,10904,10906,10911,10917,10922,10947]",0.45
31168,3192,"[1,2]","[10402,10423,10424,10427,10436,10900,10901,10902,10905,10907,10920,10924,10946]",0.45
31169,3192,"[1,2]","[10400,10406,10425,10426,10923]",0.45
31170,3192,"[1,2]","[10420,10422,10921]",0.45
31172,3192,"[1,2]","[10401,10403,10411,10413,10415,10445,10447,10914,10916,10941]",0.5
31173,3192,"[1,2]","[10405,10407,10414,10431,10440,10441,10442,10443,10444,10446,10910,10912,10913,10915,10925,10930,10931,10932,10933,10934,10935,10936,10937]",0.5
31174,3192,"[1,2]","[10404,10412,10416,10421,10433,10434,10435,10437,10903,10904,10906,10911,10917,10922,10947]",0.5
31175,3192,"[1,2]","[10402,10423,10424,10427,10436,10900,10901,10902,10905,10907,10920,10924,10946]",0.5
31177,3192,"[1,2]","[10400,10406,10425,10426,10923]",0.5
31178,3192,"[1,2]","[10420,10422,10921]",0.5
29861,2926,"[3,4]","[11113,11117,11121,11146,11221,11225,11227,11237]",0.4
29862,2926,"[3,4]","[11123,11144,11145,11147,11223,11231,11235]",0.4
29863,2926,"[3,4]","[11112,11114,11120,11124,11130,11132,11140,11141,11142,11143,11216,11220,11224,11232,11234,11245,11247]",0.4
29864,2926,"[3,4]","[11100,11102,11105,11107,11116,11122,11125,11126,11133,11134,11135,11137,11200,11201,11202,11203,11204,11205,11206,11207,11210,11212,11213,11214,11215,11217,11226,11230,11236,11240,11242,11300,11302,11305,11307]",0.4
29865,2926,"[3,4]","[11136]",0.4
29866,2926,"[3,4]","[11101,11103,11104,11106,11127]",0.4
29867,2926,"[3,4]","[11113,11117,11121,11146,11221,11225,11227,11237]",0.45
29868,2926,"[3,4]","[11123,11144,11145,11147,11223,11231,11235]",0.45
29869,2926,"[3,4]","[11112,11114,11120,11124,11130,11132,11140,11141,11142,11143,11216,11220,11224,11232,11234,11245,11247]",0.45
29870,2926,"[3,4]","[11100,11102,11105,11107,11116,11122,11125,11126,11133,11134,11135,11137,11200,11201,11202,11203,11204,11205,11206,11207,11210,11212,11213,11214,11215,11217,11226,11230,11236,11240,11242,11300,11302,11305,11307]",0.45
29871,2926,"[3,4]","[11136]",0.45
29872,2926,"[3,4]","[11101,11103,11104,11106,11127]",0.45
29873,2926,"[3,4]","[11113,11117,11121,11146,11221,11225,11227,11237]",0.5
29874,2926,"[3,4]","[11123,11144,11145,11147,11223,11231,11235]",0.5
29875,2926,"[3,4]","[11112,11114,11120,11124,11130,11132,11140,11141,11142,11143,11216,11220,11224,11232,11234,11245,11247]",0.5
29876,2926,"[3,4]","[11100,11102,11105,11107,11116,11122,11125,11126,11133,11134,11135,11137,11200,11201,11202,11203,11204,11205,11206,11207,11210,11212,11213,11214,11215,11217,11226,11230,11236,11240,11242,11300,11302,11305,11307]",0.5
29877,2926,"[3,4]","[11136]",0.5
29878,2926,"[3,4]","[11101,11103,11104,11106,11127]",0.5
31179,2926,"[1,2]","[10401,10403,10411,10413,10415,10445,10447,10914,10916,10941]",0.4
31180,2926,"[1,2]","[10405,10407,10414,10431,10440,10441,10442,10443,10444,10446,10910,10912,10913,10915,10925,10930,10931,10932,10933,10934,10935,10936,10937]",0.4
31181,2926,"[1,2]","[10404,10412,10416,10421,10433,10434,10435,10437,10903,10904,10906,10911,10917,10922,10947]",0.4
31183,2926,"[1,2]","[10402,10423,10424,10427,10436,10900,10901,10902,10905,10907,10920,10924,10946]",0.4
31184,2926,"[1,2]","[10400,10406,10425,10426,10923]",0.4
31185,2926,"[1,2]","[10420,10422,10921]",0.4
31186,2926,"[1,2]","[10401,10403,10411,10413,10415,10445,10447,10914,10916,10941]",0.45
31187,2926,"[1,2]","[10405,10407,10414,10431,10440,10441,10442,10443,10444,10446,10910,10912,10913,10915,10925,10930,10931,10932,10933,10934,10935,10936,10937]",0.45
31188,2926,"[1,2]","[10404,10412,10416,10421,10433,10434,10435,10437,10903,10904,10906,10911,10917,10922,10947]",0.45
31189,2926,"[1,2]","[10402,10423,10424,10427,10436,10900,10901,10902,10905,10907,10920,10924,10946]",0.45
31190,2926,"[1,2]","[10400,10406,10425,10426,10923]",0.45
31191,2926,"[1,2]","[10420,10422,10921]",0.45
31192,2926,"[1,2]","[10401,10403,10411,10413,10415,10445,10447,10914,10916,10941]",0.5
31193,2926,"[1,2]","[10405,10407,10414,10431,10440,10441,10442,10443,10444,10446,10910,10912,10913,10915,10925,10930,10931,10932,10933,10934,10935,10936,10937]",0.5
31194,2926,"[1,2]","[10404,10412,10416,10421,10433,10434,10435,10437,10903,10904,10906,10911,10917,10922,10947]",0.5
31195,2926,"[1,2]","[10402,10423,10424,10427,10436,10900,10901,10902,10905,10907,10920,10924,10946]",0.5
31196,2926,"[1,2]","[10400,10406,10425,10426,10923]",0.5
31197,2926,"[1,2]","[10420,10422,10921]",0.5
29927,2793,"[1]",b,"[10401,10403,10411,10413,10415,10445,10447]",
29928,2793,"[1]",b,"[10405,10407,10414,10431,10440,10441,10442,10443,10444,10446]",
29929,2793,"[1]",b,"[10404,10412,10416,10421,10433,10434,10435,10437]",
29930,2793,"[1]",b,"[10402,10423,10424,10427,10436]",
29931,2793,"[2]",b,"[10914,10916,10941]",
29932,2793,"[2]",b,"[10910,10912,10913,10915,10925,10930,10931,10932,10933,10934,10935,10936,10937]",
29933,2793,"[2]",b,"[10903,10904,10906,10911,10917,10922,10947]",
29934,2793,"[2]",b,"[10900,10901,10902,10905,10907,10920,10924,10946]",
29935,2793,"[2]",b,"[10923]",
29936,2793,"[2]",b,"[10921]",
29937,2793,"[3,4]","[11113,11117,11121,11146,11221,11225,11227,11237]",0.4
29938,2793,"[3,4]","[11123,11144,11145,11147,11223,11231,11235]",0.4
29939,2793,"[3,4]","[11112,11114,11120,11124,11130,11132,11140,11141,11142,11143,11216,11220,11224,11232,11234,11245,11247]",0.4
29940,2793,"[3,4]","[11100,11102,11105,11107,11116,11122,11125,11126,11133,11134,11135,11137,11200,11201,11202,11203,11204,11205,11206,11207,11210,11212,11213,11214,11215,11217,11226,11230,11236,11240,11242,11300,11302,11305,11307]",0.4
30214,2793,"[3,4]","[11136]",0.4
29943,2793,"[3,4]","[11101,11103,11104,11106,11127]",0.4
29945,2793,"[1]",b,"[10401,10403,10411,10413,10415,10445,10447]",
29947,2793,"[1]",b,"[10405,10407,10414,10431,10440,10441,10442,10443,10444,10446]",
29949,2793,"[1]",b,"[10404,10412,10416,10421,10433,10434,10435,10437]",
29950,2793,"[1]",b,"[10402,10423,10424,10427,10436]",
29951,2793,"[2]",b,"[10914,10916,10941]",
29952,2793,"[2]",b,"[10910,10912,10913,10915,10925,10930,10931,10932,10933,10934,10935,10936,10937]",
29953,2793,"[2]",b,"[10903,10904,10906,10911,10917,10922,10947]",
29955,2793,"[2]",b,"[10900,10901,10902,10905,10907,10920,10924,10946]",
29958,2793,"[2]",b,"[10923]",
29960,2793,"[2]",b,"[10921]",
29962,2793,"[3,4]","[11113,11117,11121,11146,11221,11225,11227,11237]",0.45
29963,2793,"[3,4]","[11123,11144,11145,11147,11223,11231,11235]",0.45
29964,2793,"[3,4]","[11112,11114,11120,11124,11130,11132,11140,11141,11142,11143,11216,11220,11224,11232,11234,11245,11247]",0.45
29965,2793,"[3,4]","[11100,11102,11105,11107,11116,11122,11125,11126,11133,11134,11135,11137,11200,11201,11202,11203,11204,11205,11206,11207,11210,11212,11213,11214,11215,11217,11226,11230,11236,11240,11242,11300,11302,11305,11307]",0.45
30215,2793,"[3,4]","[11136]",0.45
29967,2793,"[3,4]","[11101,11103,11104,11106,11127]",0.45
29968,2793,"[1]",b,"[10401,10403,10411,10413,10415,10445,10447]",
29969,2793,"[1]",b,"[10405,10407,10414,10431,10440,10441,10442,10443,10444,10446]",
29970,2793,"[1]",b,"[10404,10412,10416,10421,10433,10434,10435,10437]",
29971,2793,"[1]",b,"[10402,10423,10424,10427,10436]",
29972,2793,"[2]",b,"[10914,10916,10941]",
29973,2793,"[2]",b,"[10910,10912,10913,10915,10925,10930,10931,10932,10933,10934,10935,10936,10937]",
29974,2793,"[2]",b,"[10903,10904,10906,10911,10917,10922,10947]",
29975,2793,"[2]",b,"[10900,10901,10902,10905,10907,10920,10924,10946]",
29976,2793,"[2]",b,"[10923]",
29977,2793,"[2]",b,"[10921]",
29978,2793,"[3,4]","[11113,11117,11121,11146,11221,11225,11227,11237]",0.5
29979,2793,"[3,4]","[11123,11144,11145,11147,11223,11231,11235]",0.5
29980,2793,"[3,4]","[11112,11114,11120,11124,11130,11132,11140,11141,11142,11143,11216,11220,11224,11232,11234,11245,11247]",0.5
29981,2793,"[3,4]","[11100,11102,11105,11107,11116,11122,11125,11126,11133,11134,11135,11137,11200,11201,11202,11203,11204,11205,11206,11207,11210,11212,11213,11214,11215,11217,11226,11230,11236,11240,11242,11300,11302,11305,11307]",0.5
30216,2793,"[3,4]","[11136]",0.5
29983,2793,"[3,4]","[11101,11103,11104,11106,11127]",0.5
29984,2660,"[1]",b,"[10401,10403,10411,10413,10415,10445,10447]",
29985,2660,"[1]",b,"[10405,10407,10414,10431,10440,10441,10442,10443,10444,10446]",
29986,2660,"[1]",b,"[10404,10412,10416,10421,10433,10434,10435,10437]",
29987,2660,"[1]",b,"[10402,10423,10424,10427,10436]",
29988,2660,"[2]",b,"[10914,10916,10941]",
29989,2660,"[2]",b,"[10910,10912,10913,10915,10925,10930,10931,10932,10933,10934,10935,10936,10937]",
29990,2660,"[2]",b,"[10903,10904,10906,10911,10917,10922,10947]",
29991,2660,"[2]",b,"[10900,10901,10902,10905,10907,10920,10924,10946]",
29993,2660,"[2]",b,"[10923]",
29995,2660,"[2]",b,"[10921]",
29996,2660,"[3,4]","[11113,11117,11121,11146,11221,11225,11227,11237]",0.4
29997,2660,"[3,4]","[11123,11144,11145,11147,11223,11231,11235]",0.4
29998,2660,"[3,4]","[11112,11114,11120,11124,11130,11132,11140,11141,11142,11143,11216,11220,11224,11232,11234,11245,11247]",0.4
29999,2660,"[3,4]","[11100,11102,11105,11107,11116,11122,11125,11126,11133,11134,11135,11137,11200,11201,11202,11203,11204,11205,11206,11207,11210,11212,11213,11214,11215,11217,11226,11230,11236,11240,11242,11300,11302,11305,11307]",0.4
30217,2660,"[3,4]","[11136]",0.4
30002,2660,"[3,4]","[11101,11103,11104,11106,11127]",0.4
30003,2660,"[1]",b,"[10401,10403,10411,10413,10415,10445,10447]",
30004,2660,"[1]",b,"[10405,10407,10414,10431,10440,10441,10442,10443,10444,10446]",
30005,2660,"[1]",b,"[10404,10412,10416,10421,10433,10434,10435,10437]",
30006,2660,"[1]",b,"[10402,10423,10424,10427,10436]",
30007,2660,"[2]",b,"[10914,10916,10941]",
30008,2660,"[2]",b,"[10910,10912,10913,10915,10925,10930,10931,10932,10933,10934,10935,10936,10937]",
30009,2660,"[2]",b,"[10903,10904,10906,10911,10917,10922,10947]",
30010,2660,"[2]",b,"[10900,10901,10902,10905,10907,10920,10924,10946]",
30011,2660,"[2]",b,"[10923]",
30013,2660,"[2]",b,"[10921]",
30014,2660,"[3,4]","[11113,11117,11121,11146,11221,11225,11227,11237]",0.45
30015,2660,"[3,4]","[11123,11144,11145,11147,11223,11231,11235]",0.45
30016,2660,"[3,4]","[11112,11114,11120,11124,11130,11132,11140,11141,11142,11143,11216,11220,11224,11232,11234,11245,11247]",0.45
30017,2660,"[3,4]","[11100,11102,11105,11107,11116,11122,11125,11126,11133,11134,11135,11137,11200,11201,11202,11203,11204,11205,11206,11207,11210,11212,11213,11214,11215,11217,11226,11230,11236,11240,11242,11300,11302,11305,11307]",0.45
30219,2660,"[3,4]","[11136]",0.45
30019,2660,"[3,4]","[11101,11103,11104,11106,11127]",0.45
31101,2660,"[1,2]","[10401,10403,10411,10413,10415,10445,10447,10914,10916,10941]",0.5
30021,2660,"[1]",b,"[10405,10407,10414,10431,10440,10441,10442,10443,10444,10446]",
30022,2660,"[1]",b,"[10404,10412,10416,10421,10433,10434,10435,10437]",
30023,2660,"[1]",b,"[10402,10423,10424,10427,10436]",
30024,2660,"[2]",b,"[10914,10916,10941]",
30025,2660,"[2]",b,"[10910,10912,10913,10915,10925,10930,10931,10932,10933,10934,10935,10936,10937]",
30026,2660,"[2]",b,"[10903,10904,10906,10911,10917,10922,10947]",
30027,2660,"[2]",b,"[10900,10901,10902,10905,10907,10920,10924,10946]",
30028,2660,"[2]",b,"[10923]",
30029,2660,"[2]",b,"[10921]",
30030,2660,"[3,4]","[11113,11117,11121,11146,11221,11225,11227,11237]",0.5
30031,2660,"[3,4]","[11123,11144,11145,11147,11223,11231,11235]",0.5
30032,2660,"[3,4]","[11112,11114,11120,11124,11130,11132,11140,11141,11142,11143,11216,11220,11224,11232,11234,11245,11247]",0.5
30033,2660,"[3,4]","[11100,11102,11105,11107,11116,11122,11125,11126,11133,11134,11135,11137,11200,11201,11202,11203,11204,11205,11206,11207,11210,11212,11213,11214,11215,11217,11226,11230,11236,11240,11242,11300,11302,11305,11307]",0.5
30222,2660,"[3,4]","[11136]",0.5
30035,2660,"[3,4]","[11101,11103,11104,11106,11127]",0.5
30036,2527,"[1]",b,"[10401,10403,10411,10413,10415,10445,10447]",
30037,2527,"[1]",b,"[10405,10407,10414,10431,10440,10441,10442,10443,10444,10446]",
30038,2527,"[1]",b,"[10404,10412,10416,10421,10433,10434,10435,10437]",
30039,2527,"[1]",b,"[10402,10423,10424,10427,10436]",
30040,2527,"[2]",b,"[10914,10916,10941]",
30041,2527,"[2]",b,"[10910,10912,10913,10915,10925,10930,10931,10932,10933,10934,10935,10936,10937]",
30042,2527,"[2]",b,"[10903,10904,10906,10911,10917,10922,10947]",
30043,2527,"[2]",b,"[10900,10901,10902,10905,10907,10920,10924,10946]",
30044,2527,"[2]",b,"[10923]",
30045,2527,"[2]",b,"[10921]",
30046,2527,"[3,4]","[11113,11117,11121,11146,11221,11225,11227,11237]",0.4
30047,2527,"[3,4]","[11123,11144,11145,11147,11223,11231,11235]",0.4
30048,2527,"[3,4]","[11112,11114,11120,11124,11130,11132,11140,11141,11142,11143,11216,11220,11224,11232,11234,11245,11247]",0.4
30049,2527,"[3,4]","[11100,11102,11105,11107,11116,11122,11125,11126,11133,11134,11135,11137,11200,11201,11202,11203,11204,11205,11206,11207,11210,11212,11213,11214,11215,11217,11226,11230,11236,11240,11242,11300,11302,11305,11307]",0.4
30223,2527,"[3,4]","[11136]",0.4
30051,2527,"[3,4]","[11101,11103,11104,11106,11127]",0.4
30052,2527,"[1]",b,"[10401,10403,10411,10413,10415,10445,10447]",
30053,2527,"[1]",b,"[10405,10407,10414,10431,10440,10441,10442,10443,10444,10446]",
30054,2527,"[1]",b,"[10404,10412,10416,10421,10433,10434,10435,10437]",
30055,2527,"[1]",b,"[10402,10423,10424,10427,10436]",
30056,2527,"[2]",b,"[10914,10916,10941]",
30057,2527,"[2]",b,"[10910,10912,10913,10915,10925,10930,10931,10932,10933,10934,10935,10936,10937]",
30058,2527,"[2]",b,"[10903,10904,10906,10911,10917,10922,10947]",
30059,2527,"[2]",b,"[10900,10901,10902,10905,10907,10920,10924,10946]",
30060,2527,"[2]",b,"[10923]",
30061,2527,"[2]",b,"[10921]",
30062,2527,"[3,4]","[11113,11117,11121,11146,11221,11225,11227,11237]",0.45
30063,2527,"[3,4]","[11123,11144,11145,11147,11223,11231,11235]",0.45
30064,2527,"[3,4]","[11112,11114,11120,11124,11130,11132,11140,11141,11142,11143,11216,11220,11224,11232,11234,11245,11247]",0.45
30065,2527,"[3,4]","[11100,11102,11105,11107,11116,11122,11125,11126,11133,11134,11135,11137,11200,11201,11202,11203,11204,11205,11206,11207,11210,11212,11213,11214,11215,11217,11226,11230,11236,11240,11242,11300,11302,11305,11307]",0.45
30225,2527,"[3,4]","[11136]",0.45
30067,2527,"[3,4]","[11101,11103,11104,11106,11127]",0.45
30068,2527,"[1]",b,"[10401,10403,10411,10413,10415,10445,10447]",
30069,2527,"[1]",b,"[10405,10407,10414,10431,10440,10441,10442,10443,10444,10446]",
30070,2527,"[1]",b,"[10404,10412,10416,10421,10433,10434,10435,10437]",
30071,2527,"[1]",b,"[10402,10423,10424,10427,10436]",
30072,2527,"[2]",b,"[10914,10916,10941]",
30073,2527,"[2]",b,"[10910,10912,10913,10915,10925,10930,10931,10932,10933,10934,10935,10936,10937]",
30074,2527,"[2]",b,"[10903,10904,10906,10911,10917,10922,10947]",
30075,2527,"[2]",b,"[10900,10901,10902,10905,10907,10920,10924,10946]",
30076,2527,"[2]",b,"[10923]",
30077,2527,"[2]",b,"[10921]",
30078,2527,"[3,4]","[11113,11117,11121,11146,11221,11225,11227,11237]",0.5
30079,2527,"[3,4]","[11123,11144,11145,11147,11223,11231,11235]",0.5
30080,2527,"[3,4]","[11112,11114,11120,11124,11130,11132,11140,11141,11142,11143,11216,11220,11224,11232,11234,11245,11247]",0.5
30081,2527,"[3,4]","[11100,11102,11105,11107,11116,11122,11125,11126,11133,11134,11135,11137,11200,11201,11202,11203,11204,11205,11206,11207,11210,11212,11213,11214,11215,11217,11226,11230,11236,11240,11242,11300,11302,11305,11307]",0.5
30226,2527,"[3,4]","[11136]",0.5
30083,2527,"[3,4]","[11101,11103,11104,11106,11127]",0.5
30084,2394,"[1]",b,"[10401,10403,10411,10413,10415,10445,10447]",
30085,2394,"[1]",b,"[10405,10407,10414,10431,10440,10441,10442,10443,10444,10446]",
30086,2394,"[1]",b,"[10404,10412,10416,10421,10433,10434,10435,10437]",
30087,2394,"[1]",b,"[10402,10423,10424,10427,10436]",
30088,2394,"[2]",b,"[10914,10916,10941]",
30089,2394,"[2]",b,"[10910,10912,10913,10915,10925,10930,10931,10932,10933,10934,10935,10936,10937]",
30090,2394,"[2]",b,"[10903,10904,10906,10911,10917,10922,10947]",
30091,2394,"[2]",b,"[10900,10901,10902,10905,10907,10920,10924,10946]",
30092,2394,"[2]",b,"[10923]",
30093,2394,"[2]",b,"[10921]",
30094,2394,"[3,4]","[11113,11117,11121,11146,11221,11225,11227,11237]",0.4
30095,2394,"[3,4]","[11123,11144,11145,11147,11223,11231,11235]",0.4
30096,2394,"[3,4]","[11112,11114,11120,11124,11130,11132,11140,11141,11142,11143,11216,11220,11224,11232,11234,11245,11247]",0.4
30097,2394,"[3,4]","[11100,11102,11105,11107,11116,11122,11125,11126,11133,11134,11135,11137,11200,11201,11202,11203,11204,11205,11206,11207,11210,11212,11213,11214,11215,11217,11226,11230,11236,11240,11242,11300,11302,11305,11307]",0.4
30227,2394,"[3,4]","[11136]",0.4
30099,2394,"[3,4]","[11101,11103,11104,11106,11127]",0.4
30100,2394,"[1]",b,"[10401,10403,10411,10413,10415,10445,10447]",
30101,2394,"[1]",b,"[10405,10407,10414,10431,10440,10441,10442,10443,10444,10446]",
30102,2394,"[1]",b,"[10404,10412,10416,10421,10433,10434,10435,10437]",
30103,2394,"[1]",b,"[10402,10423,10424,10427,10436]",
30104,2394,"[2]",b,"[10914,10916,10941]",
30105,2394,"[2]",b,"[10910,10912,10913,10915,10925,10930,10931,10932,10933,10934,10935,10936,10937]",
30106,2394,"[2]",b,"[10903,10904,10906,10911,10917,10922,10947]",
30107,2394,"[2]",b,"[10900,10901,10902,10905,10907,10920,10924,10946]",
30108,2394,"[2]",b,"[10923]",
30109,2394,"[2]",b,"[10921]",
30110,2394,"[3,4]","[11113,11117,11121,11146,11221,11225,11227,11237]",0.45
30111,2394,"[3,4]","[11123,11144,11145,11147,11223,11231,11235]",0.45
30112,2394,"[3,4]","[11112,11114,11120,11124,11130,11132,11140,11141,11142,11143,11216,11220,11224,11232,11234,11245,11247]",0.45
30113,2394,"[3,4]","[11100,11102,11105,11107,11116,11122,11125,11126,11133,11134,11135,11137,11200,11201,11202,11203,11204,11205,11206,11207,11210,11212,11213,11214,11215,11217,11226,11230,11236,11240,11242,11300,11302,11305,11307]",0.45
30229,2394,"[3,4]","[11136]",0.45
30115,2394,"[3,4]","[11101,11103,11104,11106,11127]",0.45
30116,2394,"[1]",b,"[10401,10403,10411,10413,10415,10445,10447]",
30117,2394,"[1]",b,"[10405,10407,10414,10431,10440,10441,10442,10443,10444,10446]",
30118,2394,"[1]",b,"[10404,10412,10416,10421,10433,10434,10435,10437]",
30119,2394,"[1]",b,"[10402,10423,10424,10427,10436]",
30120,2394,"[2]",b,"[10914,10916,10941]",
30121,2394,"[2]",b,"[10910,10912,10913,10915,10925,10930,10931,10932,10933,10934,10935,10936,10937]",
30122,2394,"[2]",b,"[10903,10904,10906,10911,10917,10922,10947]",
30123,2394,"[2]",b,"[10900,10901,10902,10905,10907,10920,10924,10946]",
30124,2394,"[2]",b,"[10923]",
30125,2394,"[2]",b,"[10921]",
30126,2394,"[3,4]","[11113,11117,11121,11146,11221,11225,11227,11237]",0.5
30127,2394,"[3,4]","[11123,11144,11145,11147,11223,11231,11235]",0.5
30128,2394,"[3,4]","[11112,11114,11120,11124,11130,11132,11140,11141,11142,11143,11216,11220,11224,11232,11234,11245,11247]",0.5
30129,2394,"[3,4]","[11100,11102,11105,11107,11116,11122,11125,11126,11133,11134,11135,11137,11200,11201,11202,11203,11204,11205,11206,11207,11210,11212,11213,11214,11215,11217,11226,11230,11236,11240,11242,11300,11302,11305,11307]",0.5
30233,2394,"[3,4]","[11136]",0.5
30131,2394,"[3,4]","[11101,11103,11104,11106,11127]",0.5
30132,2261,"[1]",b,"[10401,10403,10411,10413,10415,10445,10447]",
30133,2261,"[1]",b,"[10405,10407,10414,10431,10440,10441,10442,10443,10444,10446]",
30134,2261,"[1]",b,"[10404,10412,10416,10421,10433,10434,10435,10437]",
30135,2261,"[1]",b,"[10402,10423,10424,10427,10436]",
30136,2261,"[2]",b,"[10914,10916,10941]",
30137,2261,"[2]",b,"[10910,10912,10913,10915,10925,10930,10931,10932,10933,10934,10935,10936,10937]",
30138,2261,"[2]",b,"[10903,10904,10906,10911,10917,10922,10947]",
30139,2261,"[2]",b,"[10900,10901,10902,10905,10907,10920,10924,10946]",
30140,2261,"[2]",b,"[10923]",
30141,2261,"[2]",b,"[10921]",
30142,2261,"[3,4]","[11113,11117,11121,11146,11221,11225,11227,11237]",0.4
30143,2261,"[3,4]","[11123,11144,11145,11147,11223,11231,11235]",0.4
30144,2261,"[3,4]","[11112,11114,11120,11124,11130,11132,11140,11141,11142,11143,11216,11220,11224,11232,11234,11245,11247]",0.4
30145,2261,"[3,4]","[11100,11102,11105,11107,11116,11122,11125,11126,11133,11134,11135,11137,11200,11201,11202,11203,11204,11205,11206,11207,11210,11212,11213,11214,11215,11217,11226,11230,11236,11240,11242,11300,11302,11305,11307]",0.4
30234,2261,"[3,4]","[11136]",0.4
30147,2261,"[3,4]","[11101,11103,11104,11106,11127]",0.4
30148,2261,"[1]",b,"[10401,10403,10411,10413,10415,10445,10447]",
30149,2261,"[1]",b,"[10405,10407,10414,10431,10440,10441,10442,10443,10444,10446]",
30150,2261,"[1]",b,"[10404,10412,10416,10421,10433,10434,10435,10437]",
30151,2261,"[1]",b,"[10402,10423,10424,10427,10436]",
30152,2261,"[2]",b,"[10914,10916,10941]",
30153,2261,"[2]",b,"[10910,10912,10913,10915,10925,10930,10931,10932,10933,10934,10935,10936,10937]",
30154,2261,"[2]",b,"[10903,10904,10906,10911,10917,10922,10947]",
30155,2261,"[2]",b,"[10900,10901,10902,10905,10907,10920,10924,10946]",
30156,2261,"[2]",b,"[10923]",
30157,2261,"[2]",b,"[10921]",
30158,2261,"[3,4]","[11113,11117,11121,11146,11221,11225,11227,11237]",0.45
30159,2261,"[3,4]","[11123,11144,11145,11147,11223,11231,11235]",0.45
30160,2261,"[3,4]","[11112,11114,11120,11124,11130,11132,11140,11141,11142,11143,11216,11220,11224,11232,11234,11245,11247]",0.45
30161,2261,"[3,4]","[11100,11102,11105,11107,11116,11122,11125,11126,11133,11134,11135,11137,11200,11201,11202,11203,11204,11205,11206,11207,11210,11212,11213,11214,11215,11217,11226,11230,11236,11240,11242,11300,11302,11305,11307]",0.45
30236,2261,"[3,4]","[11136]",0.45
30163,2261,"[3,4]","[11101,11103,11104,11106,11127]",0.45
30164,2261,"[1]",b,"[10401,10403,10411,10413,10415,10445,10447]",
30165,2261,"[1]",b,"[10405,10407,10414,10431,10440,10441,10442,10443,10444,10446]",
30166,2261,"[1]",b,"[10404,10412,10416,10421,10433,10434,10435,10437]",
30167,2261,"[1]",b,"[10402,10423,10424,10427,10436]",
30168,2261,"[2]",b,"[10914,10916,10941]",
30169,2261,"[2]",b,"[10910,10912,10913,10915,10925,10930,10931,10932,10933,10934,10935,10936,10937]",
30170,2261,"[2]",b,"[10903,10904,10906,10911,10917,10922,10947]",
30171,2261,"[2]",b,"[10900,10901,10902,10905,10907,10920,10924,10946]",
30172,2261,"[2]",b,"[10923]",
30173,2261,"[2]",b,"[10921]",
30174,2261,"[3,4]","[11113,11117,11121,11146,11221,11225,11227,11237]",0.5
30175,2261,"[3,4]","[11123,11144,11145,11147,11223,11231,11235]",0.5
30176,2261,"[3,4]","[11112,11114,11120,11124,11130,11132,11140,11141,11142,11143,11216,11220,11224,11232,11234,11245,11247]",0.5
30177,2261,"[3,4]","[11100,11102,11105,11107,11116,11122,11125,11126,11133,11134,11135,11137,11200,11201,11202,11203,11204,11205,11206,11207,11210,11212,11213,11214,11215,11217,11226,11230,11236,11240,11242,11300,11302,11305,11307]",0.5
30238,2261,"[3,4]","[11136]",0.5
30179,2261,"[3,4]","[11101,11103,11104,11106,11127]",0.5
30239,2128,"[1,2]","[10401,10403,10411,10413,10415,10445,10447,10914,10916,10941]",0.4
30240,2128,"[1,2]","[10405,10407,10414,10431,10440,10441,10442,10443,10444,10446,10910,10912,10913,10915,10925,10930,10931,10932,10933,10934,10935,10936,10937]",0.4
30241,2128,"[1,2]","[10404,10412,10416,10421,10433,10434,10435,10437,10903,10904,10906,10911,10917,10922,10947]",0.4
30242,2128,"[1,2]","[10402,10423,10424,10427,10436,10900,10901,10902,10905,10907,10920,10924,10946]",0.4
30243,2128,"[1,2]","[10400,10406,10425,10426,10923]",0.4
30245,2128,"[1,2]","[10420,10422,10921]",0.4
30248,2128,"[3,4]","[11113,11117,11121,11146,11221,11225,11227,11237]",0.4
30250,2128,"[3,4]","[11123,11144,11145,11147,11223,11231,11235]",0.4
30252,2128,"[3,4]","[11112,11114,11120,11124,11130,11132,11140,11141,11142,11143,11216,11220,11224,11232,11234,11245,11247]",0.4
30254,2128,"[3,4]","[11100,11102,11105,11107,11116,11122,11125,11126,11133,11134,11135,11137,11200,11201,11202,11203,11204,11205,11206,11207,11210,11212,11213,11214,11215,11217,11226,11230,11236,11240,11242,11300,11302,11305,11307]",0.4
30256,2128,"[3,4]","[11136]",0.4
30259,2128,"[3,4]","[11101,11103,11104,11106,11127]",0.4
30261,2128,"[1,2]","[10401,10403,10411,10413,10415,10445,10447,10914,10916,10941]",0.45
30263,2128,"[1,2]","[10405,10407,10414,10431,10440,10441,10442,10443,10444,10446,10910,10912,10913,10915,10925,10930,10931,10932,10933,10934,10935,10936,10937]",0.45
30265,2128,"[1,2]","[10404,10412,10416,10421,10433,10434,10435,10437,10903,10904,10906,10911,10917,10922,10947]",0.45
30268,2128,"[1,2]","[10402,10423,10424,10427,10436,10900,10901,10902,10905,10907,10920,10924,10946]",0.45
30270,2128,"[1,2]","[10400,10406,10425,10426,10923]",0.45
30272,2128,"[1,2]","[10420,10422,10921]",0.45
30274,2128,"[3,4]","[11113,11117,11121,11146,11221,11225,11227,11237]",0.45
30276,2128,"[3,4]","[11123,11144,11145,11147,11223,11231,11235]",0.45
30279,2128,"[3,4]","[11112,11114,11120,11124,11130,11132,11140,11141,11142,11143,11216,11220,11224,11232,11234,11245,11247]",0.45
30281,2128,"[3,4]","[11100,11102,11105,11107,11116,11122,11125,11126,11133,11134,11135,11137,11200,11201,11202,11203,11204,11205,11206,11207,11210,11212,11213,11214,11215,11217,11226,11230,11236,11240,11242,11300,11302,11305,11307]",0.45
30283,2128,"[3,4]","[11136]",0.45
30285,2128,"[3,4]","[11101,11103,11104,11106,11127]",0.45
30288,2128,"[1,2]","[10401,10403,10411,10413,10415,10445,10447,10914,10916,10941]",0.5
30290,2128,"[1,2]","[10405,10407,10414,10431,10440,10441,10442,10443,10444,10446,10910,10912,10913,10915,10925,10930,10931,10932,10933,10934,10935,10936,10937]",0.5
30291,2128,"[1,2]","[10404,10412,10416,10421,10433,10434,10435,10437,10903,10904,10906,10911,10917,10922,10947]",0.5
30292,2128,"[1,2]","[10402,10423,10424,10427,10436,10900,10901,10902,10905,10907,10920,10924,10946]",0.5
30293,2128,"[1,2]","[10400,10406,10425,10426,10923]",0.5
30294,2128,"[1,2]","[10420,10422,10921]",0.5
30295,2128,"[3,4]","[11113,11117,11121,11146,11221,11225,11227,11237]",0.5
30296,2128,"[3,4]","[11123,11144,11145,11147,11223,11231,11235]",0.5
30297,2128,"[3,4]","[11112,11114,11120,11124,11130,11132,11140,11141,11142,11143,11216,11220,11224,11232,11234,11245,11247]",0.5
30298,2128,"[3,4]","[11100,11102,11105,11107,11116,11122,11125,11126,11133,11134,11135,11137,11200,11201,11202,11203,11204,11205,11206,11207,11210,11212,11213,11214,11215,11217,11226,11230,11236,11240,11242,11300,11302,11305,11307]",0.5
30299,2128,"[3,4]","[11136]",0.5
30300,2128,"[3,4]","[11101,11103,11104,11106,11127]",0.5
30301,1995,"[1,2]","[10401,10403,10411,10413,10415,10445,10447,10914,10916,10941]",0.4
30302,1995,"[1,2]","[10405,10407,10414,10431,10440,10441,10442,10443,10444,10446,10910,10912,10913,10915,10925,10930,10931,10932,10933,10934,10935,10936,10937]",0.4
30303,1995,"[1,2]","[10404,10412,10416,10421,10433,10434,10435,10437,10903,10904,10906,10911,10917,10922,10947]",0.4
30304,1995,"[1,2]","[10402,10423,10424,10427,10436,10900,10901,10902,10905,10907,10920,10924,10946]",0.4
30305,1995,"[1,2]","[10400,10406,10425,10426,10923]",0.4
30306,1995,"[1,2]","[10420,10422,10921]",0.4
30307,1995,"[3,4]","[11113,11117,11121,11146,11221,11225,11227,11237]",0.4
30308,1995,"[3,4]","[11123,11144,11145,11147,11223,11231,11235]",0.4
30309,1995,"[3,4]","[11112,11114,11120,11124,11130,11132,11140,11141,11142,11143,11216,11220,11224,11232,11234,11245,11247]",0.4
30310,1995,"[3,4]","[11100,11102,11105,11107,11116,11122,11125,11126,11133,11134,11135,11137,11200,11201,11202,11203,11204,11205,11206,11207,11210,11212,11213,11214,11215,11217,11226,11230,11236,11240,11242,11300,11302,11305,11307]",0.4
30311,1995,"[3,4]","[11136]",0.4
30312,1995,"[3,4]","[11101,11103,11104,11106,11127]",0.4
30313,1995,"[1,2]","[10401,10403,10411,10413,10415,10445,10447,10914,10916,10941]",0.45
30314,1995,"[1,2]","[10405,10407,10414,10431,10440,10441,10442,10443,10444,10446,10910,10912,10913,10915,10925,10930,10931,10932,10933,10934,10935,10936,10937]",0.45
30315,1995,"[1,2]","[10404,10412,10416,10421,10433,10434,10435,10437,10903,10904,10906,10911,10917,10922,10947]",0.45
30316,1995,"[1,2]","[10402,10423,10424,10427,10436,10900,10901,10902,10905,10907,10920,10924,10946]",0.45
30317,1995,"[1,2]","[10400,10406,10425,10426,10923]",0.45
30318,1995,"[1,2]","[10420,10422,10921]",0.45
30319,1995,"[3,4]","[11113,11117,11121,11146,11221,11225,11227,11237]",0.45
30320,1995,"[3,4]","[11123,11144,11145,11147,11223,11231,11235]",0.45
30321,1995,"[3,4]","[11112,11114,11120,11124,11130,11132,11140,11141,11142,11143,11216,11220,11224,11232,11234,11245,11247]",0.45
30322,1995,"[3,4]","[11100,11102,11105,11107,11116,11122,11125,11126,11133,11134,11135,11137,11200,11201,11202,11203,11204,11205,11206,11207,11210,11212,11213,11214,11215,11217,11226,11230,11236,11240,11242,11300,11302,11305,11307]",0.45
30323,1995,"[3,4]","[11136]",0.45
30324,1995,"[3,4]","[11101,11103,11104,11106,11127]",0.45
30325,1995,"[1,2]","[10401,10403,10411,10413,10415,10445,10447,10914,10916,10941]",0.5
30326,1995,"[1,2]","[10405,10407,10414,10431,10440,10441,10442,10443,10444,10446,10910,10912,10913,10915,10925,10930,10931,10932,10933,10934,10935,10936,10937]",0.5
30327,1995,"[1,2]","[10404,10412,10416,10421,10433,10434,10435,10437,10903,10904,10906,10911,10917,10922,10947]",0.5
30328,1995,"[1,2]","[10402,10423,10424,10427,10436,10900,10901,10902,10905,10907,10920,10924,10946]",0.5
30331,1995,"[1,2]","[10400,10406,10425,10426,10923]",0.5
30333,1995,"[1,2]","[10420,10422,10921]",0.5
30335,1995,"[3,4]","[11113,11117,11121,11146,11221,11225,11227,11237]",0.5
30337,1995,"[3,4]","[11123,11144,11145,11147,11223,11231,11235]",0.5
30339,1995,"[3,4]","[11112,11114,11120,11124,11130,11132,11140,11141,11142,11143,11216,11220,11224,11232,11234,11245,11247]",0.5
30342,1995,"[3,4]","[11100,11102,11105,11107,11116,11122,11125,11126,11133,11134,11135,11137,11200,11201,11202,11203,11204,11205,11206,11207,11210,11212,11213,11214,11215,11217,11226,11230,11236,11240,11242,11300,11302,11305,11307]",0.5
30344,1995,"[3,4]","[11136]",0.5
30346,1995,"[3,4]","[11101,11103,11104,11106,11127]",0.5
30348,1862,"[1,2]","[10401,10403,10411,10413,10415,10445,10447,10914,10916,10941]",0.4
30350,1862,"[1,2]","[10405,10407,10414,10431,10440,10441,10442,10443,10444,10446,10910,10912,10913,10915,10925,10930,10931,10932,10933,10934,10935,10936,10937]",0.4
30352,1862,"[1,2]","[10404,10412,10416,10421,10433,10434,10435,10437,10903,10904,10906,10911,10917,10922,10947]",0.4
30355,1862,"[1,2]","[10402,10423,10424,10427,10436,10900,10901,10902,10905,10907,10920,10924,10946]",0.4
30357,1862,"[1,2]","[10400,10406,10425,10426,10923]",0.4
30359,1862,"[1,2]","[10420,10422,10921]",0.4
30361,1862,"[3,4]","[11113,11117,11121,11146,11221,11225,11227,11237]",0.4
30363,1862,"[3,4]","[11123,11144,11145,11147,11223,11231,11235]",0.4
30366,1862,"[3,4]","[11112,11114,11120,11124,11130,11132,11140,11141,11142,11143,11216,11220,11224,11232,11234,11245,11247]",0.4
30368,1862,"[3,4]","[11100,11102,11105,11107,11116,11122,11125,11126,11133,11134,11135,11137,11200,11201,11202,11203,11204,11205,11206,11207,11210,11212,11213,11214,11215,11217,11226,11230,11236,11240,11242,11300,11302,11305,11307]",0.4
30370,1862,"[3,4]","[11136]",0.4
30372,1862,"[3,4]","[11101,11103,11104,11106,11127]",0.4
30375,1862,"[1,2]","[10401,10403,10411,10413,10415,10445,10447,10914,10916,10941]",0.45
30377,1862,"[1,2]","[10405,10407,10414,10431,10440,10441,10442,10443,10444,10446,10910,10912,10913,10915,10925,10930,10931,10932,10933,10934,10935,10936,10937]",0.45
30379,1862,"[1,2]","[10404,10412,10416,10421,10433,10434,10435,10437,10903,10904,10906,10911,10917,10922,10947]",0.45
30381,1862,"[1,2]","[10402,10423,10424,10427,10436,10900,10901,10902,10905,10907,10920,10924,10946]",0.45
30384,1862,"[1,2]","[10400,10406,10425,10426,10923]",0.45
30386,1862,"[1,2]","[10420,10422,10921]",0.45
30388,1862,"[3,4]","[11113,11117,11121,11146,11221,11225,11227,11237]",0.45
30390,1862,"[3,4]","[11123,11144,11145,11147,11223,11231,11235]",0.45
30392,1862,"[3,4]","[11112,11114,11120,11124,11130,11132,11140,11141,11142,11143,11216,11220,11224,11232,11234,11245,11247]",0.45
30395,1862,"[3,4]","[11100,11102,11105,11107,11116,11122,11125,11126,11133,11134,11135,11137,11200,11201,11202,11203,11204,11205,11206,11207,11210,11212,11213,11214,11215,11217,11226,11230,11236,11240,11242,11300,11302,11305,11307]",0.45
30397,1862,"[3,4]","[11136]",0.45
30399,1862,"[3,4]","[11101,11103,11104,11106,11127]",0.45
30401,1862,"[1,2]","[10401,10403,10411,10413,10415,10445,10447,10914,10916,10941]",0.5
30403,1862,"[1,2]","[10405,10407,10414,10431,10440,10441,10442,10443,10444,10446,10910,10912,10913,10915,10925,10930,10931,10932,10933,10934,10935,10936,10937]",0.5
30406,1862,"[1,2]","[10404,10412,10416,10421,10433,10434,10435,10437,10903,10904,10906,10911,10917,10922,10947]",0.5
30408,1862,"[1,2]","[10402,10423,10424,10427,10436,10900,10901,10902,10905,10907,10920,10924,10946]",0.5
30410,1862,"[1,2]","[10400,10406,10425,10426,10923]",0.5
30412,1862,"[1,2]","[10420,10422,10921]",0.5
30415,1862,"[3,4]","[11113,11117,11121,11146,11221,11225,11227,11237]",0.5
30417,1862,"[3,4]","[11123,11144,11145,11147,11223,11231,11235]",0.5
30419,1862,"[3,4]","[11112,11114,11120,11124,11130,11132,11140,11141,11142,11143,11216,11220,11224,11232,11234,11245,11247]",0.5
30422,1862,"[3,4]","[11100,11102,11105,11107,11116,11122,11125,11126,11133,11134,11135,11137,11200,11201,11202,11203,11204,11205,11206,11207,11210,11212,11213,11214,11215,11217,11226,11230,11236,11240,11242,11300,11302,11305,11307]",0.5
30424,1862,"[3,4]","[11136]",0.5
30427,1862,"[3,4]","[11101,11103,11104,11106,11127]",0.5
30429,1729,"[1,2]","[10401,10403,10411,10413,10415,10445,10447,10914,10916,10941]",0.4
30431,1729,"[1,2]","[10405,10407,10414,10431,10440,10441,10442,10443,10444,10446,10910,10912,10913,10915,10925,10930,10931,10932,10933,10934,10935,10936,10937]",0.4
30433,1729,"[1,2]","[10404,10412,10416,10421,10433,10434,10435,10437,10903,10904,10906,10911,10917,10922,10947]",0.4
30436,1729,"[1,2]","[10402,10423,10424,10427,10436,10900,10901,10902,10905,10907,10920,10924,10946]",0.4
30438,1729,"[1,2]","[10400,10406,10425,10426,10923]",0.4
30440,1729,"[1,2]","[10420,10422,10921]",0.4
30442,1729,"[3,4]","[11113,11117,11121,11146,11221,11225,11227,11237]",0.4
30444,1729,"[3,4]","[11123,11144,11145,11147,11223,11231,11235]",0.4
30447,1729,"[3,4]","[11112,11114,11120,11124,11130,11132,11140,11141,11142,11143,11216,11220,11224,11232,11234,11245,11247]",0.4
30449,1729,"[3,4]","[11100,11102,11105,11107,11116,11122,11125,11126,11133,11134,11135,11137,11200,11201,11202,11203,11204,11205,11206,11207,11210,11212,11213,11214,11215,11217,11226,11230,11236,11240,11242,11300,11302,11305,11307]",0.4
30451,1729,"[3,4]","[11136]",0.4
30453,1729,"[3,4]","[11101,11103,11104,11106,11127]",0.4
30456,1729,"[1,2]","[10401,10403,10411,10413,10415,10445,10447,10914,10916,10941]",0.45
30458,1729,"[1,2]","[10405,10407,10414,10431,10440,10441,10442,10443,10444,10446,10910,10912,10913,10915,10925,10930,10931,10932,10933,10934,10935,10936,10937]",0.45
30460,1729,"[1,2]","[10404,10412,10416,10421,10433,10434,10435,10437,10903,10904,10906,10911,10917,10922,10947]",0.45
30462,1729,"[1,2]","[10402,10423,10424,10427,10436,10900,10901,10902,10905,10907,10920,10924,10946]",0.45
30465,1729,"[1,2]","[10400,10406,10425,10426,10923]",0.45
30467,1729,"[1,2]","[10420,10422,10921]",0.45
30469,1729,"[3,4]","[11113,11117,11121,11146,11221,11225,11227,11237]",0.45
30471,1729,"[3,4]","[11123,11144,11145,11147,11223,11231,11235]",0.45
30473,1729,"[3,4]","[11112,11114,11120,11124,11130,11132,11140,11141,11142,11143,11216,11220,11224,11232,11234,11245,11247]",0.45
30476,1729,"[3,4]","[11100,11102,11105,11107,11116,11122,11125,11126,11133,11134,11135,11137,11200,11201,11202,11203,11204,11205,11206,11207,11210,11212,11213,11214,11215,11217,11226,11230,11236,11240,11242,11300,11302,11305,11307]",0.45
30478,1729,"[3,4]","[11136]",0.45
30480,1729,"[3,4]","[11101,11103,11104,11106,11127]",0.45
30482,1729,"[1,2]","[10401,10403,10411,10413,10415,10445,10447,10914,10916,10941]",0.5
30485,1729,"[1,2]","[10405,10407,10414,10431,10440,10441,10442,10443,10444,10446,10910,10912,10913,10915,10925,10930,10931,10932,10933,10934,10935,10936,10937]",0.5
30487,1729,"[1,2]","[10404,10412,10416,10421,10433,10434,10435,10437,10903,10904,10906,10911,10917,10922,10947]",0.5
30489,1729,"[1,2]","[10402,10423,10424,10427,10436,10900,10901,10902,10905,10907,10920,10924,10946]",0.5
30491,1729,"[1,2]","[10400,10406,10425,10426,10923]",0.5
30493,1729,"[1,2]","[10420,10422,10921]",0.5
30496,1729,"[3,4]","[11113,11117,11121,11146,11221,11225,11227,11237]",0.5
30498,1729,"[3,4]","[11123,11144,11145,11147,11223,11231,11235]",0.5
30500,1729,"[3,4]","[11112,11114,11120,11124,11130,11132,11140,11141,11142,11143,11216,11220,11224,11232,11234,11245,11247]",0.5
30502,1729,"[3,4]","[11100,11102,11105,11107,11116,11122,11125,11126,11133,11134,11135,11137,11200,11201,11202,11203,11204,11205,11206,11207,11210,11212,11213,11214,11215,11217,11226,11230,11236,11240,11242,11300,11302,11305,11307]",0.5
30504,1729,"[3,4]","[11136]",0.5
30508,1729,"[3,4]","[11101,11103,11104,11106,11127]",0.5
30510,1596,"[1,2]","[10401,10403,10411,10413,10415,10445,10447,10914,10916,10941]",0.4
30512,1596,"[1,2]","[10405,10407,10414,10431,10440,10441,10442,10443,10444,10446,10910,10912,10913,10915,10925,10930,10931,10932,10933,10934,10935,10936,10937]",0.4
30514,1596,"[1,2]","[10404,10412,10416,10421,10433,10434,10435,10437,10903,10904,10906,10911,10917,10922,10947]",0.4
30517,1596,"[1,2]","[10402,10423,10424,10427,10436,10900,10901,10902,10905,10907,10920,10924,10946]",0.4
30519,1596,"[1,2]","[10400,10406,10425,10426,10923]",0.4
30521,1596,"[1,2]","[10420,10422,10921]",0.4
30523,1596,"[3,4]","[11113,11117,11121,11146,11221,11225,11227,11237]",0.4
30525,1596,"[3,4]","[11123,11144,11145,11147,11223,11231,11235]",0.4
30528,1596,"[3,4]","[11112,11114,11120,11124,11130,11132,11140,11141,11142,11143,11216,11220,11224,11232,11234,11245,11247]",0.4
30530,1596,"[3,4]","[11100,11102,11105,11107,11116,11122,11125,11126,11133,11134,11135,11137,11200,11201,11202,11203,11204,11205,11206,11207,11210,11212,11213,11214,11215,11217,11226,11230,11236,11240,11242,11300,11302,11305,11307]",0.4
30532,1596,"[3,4]","[11136]",0.4
30534,1596,"[3,4]","[11101,11103,11104,11106,11127]",0.4
30536,1596,"[1,2]","[10401,10403,10411,10413,10415,10445,10447,10914,10916,10941]",0.45
30539,1596,"[1,2]","[10405,10407,10414,10431,10440,10441,10442,10443,10444,10446,10910,10912,10913,10915,10925,10930,10931,10932,10933,10934,10935,10936,10937]",0.45
30541,1596,"[1,2]","[10404,10412,10416,10421,10433,10434,10435,10437,10903,10904,10906,10911,10917,10922,10947]",0.45
30543,1596,"[1,2]","[10402,10423,10424,10427,10436,10900,10901,10902,10905,10907,10920,10924,10946]",0.45
30545,1596,"[1,2]","[10400,10406,10425,10426,10923]",0.45
30547,1596,"[1,2]","[10420,10422,10921]",0.45
30550,1596,"[3,4]","[11113,11117,11121,11146,11221,11225,11227,11237]",0.45
30552,1596,"[3,4]","[11123,11144,11145,11147,11223,11231,11235]",0.45
30554,1596,"[3,4]","[11112,11114,11120,11124,11130,11132,11140,11141,11142,11143,11216,11220,11224,11232,11234,11245,11247]",0.45
30556,1596,"[3,4]","[11100,11102,11105,11107,11116,11122,11125,11126,11133,11134,11135,11137,11200,11201,11202,11203,11204,11205,11206,11207,11210,11212,11213,11214,11215,11217,11226,11230,11236,11240,11242,11300,11302,11305,11307]",0.45
30558,1596,"[3,4]","[11136]",0.45
30561,1596,"[3,4]","[11101,11103,11104,11106,11127]",0.45
30563,1596,"[1,2]","[10401,10403,10411,10413,10415,10445,10447,10914,10916,10941]",0.5
30565,1596,"[1,2]","[10405,10407,10414,10431,10440,10441,10442,10443,10444,10446,10910,10912,10913,10915,10925,10930,10931,10932,10933,10934,10935,10936,10937]",0.5
30567,1596,"[1,2]","[10404,10412,10416,10421,10433,10434,10435,10437,10903,10904,10906,10911,10917,10922,10947]",0.5
30570,1596,"[1,2]","[10402,10423,10424,10427,10436,10900,10901,10902,10905,10907,10920,10924,10946]",0.5
30572,1596,"[1,2]","[10400,10406,10425,10426,10923]",0.5
30574,1596,"[1,2]","[10420,10422,10921]",0.5
30576,1596,"[3,4]","[11113,11117,11121,11146,11221,11225,11227,11237]",0.5
30579,1596,"[3,4]","[11123,11144,11145,11147,11223,11231,11235]",0.5
30582,1596,"[3,4]","[11112,11114,11120,11124,11130,11132,11140,11141,11142,11143,11216,11220,11224,11232,11234,11245,11247]",0.5
30584,1596,"[3,4]","[11100,11102,11105,11107,11116,11122,11125,11126,11133,11134,11135,11137,11200,11201,11202,11203,11204,11205,11206,11207,11210,11212,11213,11214,11215,11217,11226,11230,11236,11240,11242,11300,11302,11305,11307]",0.5
30586,1596,"[3,4]","[11136]",0.5
30588,1596,"[3,4]","[11101,11103,11104,11106,11127]",0.5
30591,1463,"[1,2]","[10401,10403,10411,10413,10415,10445,10447,10914,10916,10941]",0.4
30593,1463,"[1,2]","[10405,10407,10414,10431,10440,10441,10442,10443,10444,10446,10910,10912,10913,10915,10925,10930,10931,10932,10933,10934,10935,10936,10937]",0.4
30595,1463,"[1,2]","[10404,10412,10416,10421,10433,10434,10435,10437,10903,10904,10906,10911,10917,10922,10947]",0.4
30597,1463,"[1,2]","[10402,10423,10424,10427,10436,10900,10901,10902,10905,10907,10920,10924,10946]",0.4
30599,1463,"[1,2]","[10400,10406,10425,10426,10923]",0.4
30602,1463,"[1,2]","[10420,10422,10921]",0.4
30604,1463,"[3,4]","[11113,11117,11121,11146,11221,11225,11227,11237]",0.4
30606,1463,"[3,4]","[11123,11144,11145,11147,11223,11231,11235]",0.4
30608,1463,"[3,4]","[11112,11114,11120,11124,11130,11132,11140,11141,11142,11143,11216,11220,11224,11232,11234,11245,11247]",0.4
30611,1463,"[3,4]","[11100,11102,11105,11107,11116,11122,11125,11126,11133,11134,11135,11137,11200,11201,11202,11203,11204,11205,11206,11207,11210,11212,11213,11214,11215,11217,11226,11230,11236,11240,11242,11300,11302,11305,11307]",0.4
30614,1463,"[3,4]","[11136]",0.4
30616,1463,"[3,4]","[11101,11103,11104,11106,11127]",0.4
30618,1463,"[1,2]","[10401,10403,10411,10413,10415,10445,10447,10914,10916,10941]",0.45
30620,1463,"[1,2]","[10405,10407,10414,10431,10440,10441,10442,10443,10444,10446,10910,10912,10913,10915,10925,10930,10931,10932,10933,10934,10935,10936,10937]",0.45
30623,1463,"[1,2]","[10404,10412,10416,10421,10433,10434,10435,10437,10903,10904,10906,10911,10917,10922,10947]",0.45
30625,1463,"[1,2]","[10402,10423,10424,10427,10436,10900,10901,10902,10905,10907,10920,10924,10946]",0.45
30627,1463,"[1,2]","[10400,10406,10425,10426,10923]",0.45
30629,1463,"[1,2]","[10420,10422,10921]",0.45
30631,1463,"[3,4]","[11113,11117,11121,11146,11221,11225,11227,11237]",0.45
30634,1463,"[3,4]","[11123,11144,11145,11147,11223,11231,11235]",0.45
30636,1463,"[3,4]","[11112,11114,11120,11124,11130,11132,11140,11141,11142,11143,11216,11220,11224,11232,11234,11245,11247]",0.45
30638,1463,"[3,4]","[11100,11102,11105,11107,11116,11122,11125,11126,11133,11134,11135,11137,11200,11201,11202,11203,11204,11205,11206,11207,11210,11212,11213,11214,11215,11217,11226,11230,11236,11240,11242,11300,11302,11305,11307]",0.45
30640,1463,"[3,4]","[11136]",0.45
30642,1463,"[3,4]","[11101,11103,11104,11106,11127]",0.45
30645,1463,"[1,2]","[10401,10403,10411,10413,10415,10445,10447,10914,10916,10941]",0.5
30647,1463,"[1,2]","[10405,10407,10414,10431,10440,10441,10442,10443,10444,10446,10910,10912,10913,10915,10925,10930,10931,10932,10933,10934,10935,10936,10937]",0.5
30649,1463,"[1,2]","[10404,10412,10416,10421,10433,10434,10435,10437,10903,10904,10906,10911,10917,10922,10947]",0.5
30651,1463,"[1,2]","[10402,10423,10424,10427,10436,10900,10901,10902,10905,10907,10920,10924,10946]",0.5
30656,1463,"[1,2]","[10420,10422,10921]",0.5
30658,1463,"[3,4]","[11113,11117,11121,11146,11221,11225,11227,11237]",0.5
30662,1463,"[3,4]","[11123,11144,11145,11147,11223,11231,11235]",0.5
30664,1463,"[3,4]","[11112,11114,11120,11124,11130,11132,11140,11141,11142,11143,11216,11220,11224,11232,11234,11245,11247]",0.5
30666,1463,"[3,4]","[11100,11102,11105,11107,11116,11122,11125,11126,11133,11134,11135,11137,11200,11201,11202,11203,11204,11205,11206,11207,11210,11212,11213,11214,11215,11217,11226,11230,11236,11240,11242,11300,11302,11305,11307]",0.5
30668,1463,"[3,4]","[11136]",0.5
30670,1463,"[3,4]","[11101,11103,11104,11106,11127]",0.5
30673,1330,"[1,2]","[10401,10403,10411,10413,10415,10445,10447,10914,10916,10941]",0.4
30675,1330,"[1,2]","[10405,10407,10414,10431,10440,10441,10442,10443,10444,10446,10910,10912,10913,10915,10925,10930,10931,10932,10933,10934,10935,10936,10937]",0.4
30677,1330,"[1,2]","[10404,10412,10416,10421,10433,10434,10435,10437,10903,10904,10906,10911,10917,10922,10947]",0.4
30379,1330,"[1,2]","[10402,10423,10424,10427,10436,10900,10901,10902,10905,10907,10920,10924,10946]",0.4
30682,1330,"[1,2]","[10400,10406,10425,10426,10923]",0.4
30684,1330,"[1,2]","[10420,10422,10921]",0.4
30686,1330,"[3,4]","[11113,11117,11121,11146,11221,11225,11227,11237]",0.4
30688,1330,"[3,4]","[11123,11144,11145,11147,11223,11231,11235]",0.4
30691,1330,"[3,4]","[11112,11114,11120,11124,11130,11132,11140,11141,11142,11143,11216,11220,11224,11232,11234,11245,11247]",0.4
30694,1330,"[3,4]","[11100,11102,11105,11107,11116,11122,11125,11126,11133,11134,11135,11137,11200,11201,11202,11203,11204,11205,11206,11207,11210,11212,11213,11214,11215,11217,11226,11230,11236,11240,11242,11300,11302,11305,11307]",0.4
30696,1330,"[3,4]","[11136]",0.4
30698,1330,"[3,4]","[11101,11103,11104,11106,11127]",0.4
30700,1330,"[1,2]","[10401,10403,10411,10413,10415,10445,10447,10914,10916,10941]",0.45
30703,1330,"[1,2]","[10405,10407,10414,10431,10440,10441,10442,10443,10444,10446,10910,10912,10913,10915,10925,10930,10931,10932,10933,10934,10935,10936,10937]",0.45
30705,1330,"[1,2]","[10404,10412,10416,10421,10433,10434,10435,10437,10903,10904,10906,10911,10917,10922,10947]",0.45
30707,1330,"[1,2]","[10402,10423,10424,10427,10436,10900,10901,10902,10905,10907,10920,10924,10946]",0.45
30709,1330,"[1,2]","[10400,10406,10425,10426,10923]",0.45
30711,1330,"[1,2]","[10420,10422,10921]",0.45
30714,1330,"[3,4]","[11113,11117,11121,11146,11221,11225,11227,11237]",0.45
30716,1330,"[3,4]","[11123,11144,11145,11147,11223,11231,11235]",0.45
30718,1330,"[3,4]","[11112,11114,11120,11124,11130,11132,11140,11141,11142,11143,11216,11220,11224,11232,11234,11245,11247]",0.45
30720,1330,"[3,4]","[11100,11102,11105,11107,11116,11122,11125,11126,11133,11134,11135,11137,11200,11201,11202,11203,11204,11205,11206,11207,11210,11212,11213,11214,11215,11217,11226,11230,11236,11240,11242,11300,11302,11305,11307]",0.45
30722,1330,"[3,4]","[11136]",0.45
30724,1330,"[3,4]","[11101,11103,11104,11106,11127]",0.45
30727,1330,"[1,2]","[10401,10403,10411,10413,10415,10445,10447,10914,10916,10941]",0.5
30729,1330,"[1,2]","[10405,10407,10414,10431,10440,10441,10442,10443,10444,10446,10910,10912,10913,10915,10925,10930,10931,10932,10933,10934,10935,10936,10937]",0.5
30731,1330,"[1,2]","[10404,10412,10416,10421,10433,10434,10435,10437,10903,10904,10906,10911,10917,10922,10947]",0.5
30733,1330,"[1,2]","[10402,10423,10424,10427,10436,10900,10901,10902,10905,10907,10920,10924,10946]",0.5
30736,1330,"[1,2]","[10400,10406,10425,10426,10923]",0.5
30738,1330,"[1,2]","[10420,10422,10921]",0.5
30740,1330,"[3,4]","[11113,11117,11121,11146,11221,11225,11227,11237]",0.5
30742,1330,"[3,4]","[11123,11144,11145,11147,11223,11231,11235]",0.5
30744,1330,"[3,4]","[11112,11114,11120,11124,11130,11132,11140,11141,11142,11143,11216,11220,11224,11232,11234,11245,11247]",0.5
30747,1330,"[3,4]","[11100,11102,11105,11107,11116,11122,11125,11126,11133,11134,11135,11137,11200,11201,11202,11203,11204,11205,11206,11207,11210,11212,11213,11214,11215,11217,11226,11230,11236,11240,11242,11300,11302,11305,11307]",0.5
30749,1330,"[3,4]","[11136]",0.5
30752,1330,"[3,4]","[11101,11103,11104,11106,11127]",0.5
30754,1197,"[1,2]","[10401,10403,10411,10413,10415,10445,10447,10914,10916,10941]",0.4
30756,1197,"[1,2]","[10405,10407,10414,10431,10440,10441,10442,10443,10444,10446,10910,10912,10913,10915,10925,10930,10931,10932,10933,10934,10935,10936,10937]",0.4
30759,1197,"[1,2]","[10404,10412,10416,10421,10433,10434,10435,10437,10903,10904,10906,10911,10917,10922,10947]",0.4
30761,1197,"[1,2]","[10402,10423,10424,10427,10436,10900,10901,10902,10905,10907,10920,10924,10946]",0.4
30763,1197,"[1,2]","[10400,10406,10425,10426,10923]",0.4
30765,1197,"[1,2]","[10420,10422,10921]",0.4
30758,1197,"[3,4]","[11113,11117,11121,11146,11221,11225,11227,11237]",0.4
30770,1197,"[3,4]","[11123,11144,11145,11147,11223,11231,11235]",0.4
30772,1197,"[3,4]","[11112,11114,11120,11124,11130,11132,11140,11141,11142,11143,11216,11220,11224,11232,11234,11245,11247]",0.4
30774,1197,"[3,4]","[11100,11102,11105,11107,11116,11122,11125,11126,11133,11134,11135,11137,11200,11201,11202,11203,11204,11205,11206,11207,11210,11212,11213,11214,11215,11217,11226,11230,11236,11240,11242,11300,11302,11305,11307]",0.4
30776,1197,"[3,4]","[11136]",0.4
30779,1197,"[3,4]","[11101,11103,11104,11106,11127]",0.4
30781,1197,"[1,2]","[10401,10403,10411,10413,10415,10445,10447,10914,10916,10941]",0.45
30783,1197,"[1,2]","[10405,10407,10414,10431,10440,10441,10442,10443,10444,10446,10910,10912,10913,10915,10925,10930,10931,10932,10933,10934,10935,10936,10937]",0.45
30785,1197,"[1,2]","[10404,10412,10416,10421,10433,10434,10435,10437,10903,10904,10906,10911,10917,10922,10947]",0.45
30787,1197,"[1,2]","[10402,10423,10424,10427,10436,10900,10901,10902,10905,10907,10920,10924,10946]",0.45
30790,1197,"[1,2]","[10400,10406,10425,10426,10923]",0.45
30792,1197,"[1,2]","[10420,10422,10921]",0.45
30794,1197,"[3,4]","[11113,11117,11121,11146,11221,11225,11227,11237]",0.45
30796,1197,"[3,4]","[11123,11144,11145,11147,11223,11231,11235]",0.45
30798,1197,"[3,4]","[11112,11114,11120,11124,11130,11132,11140,11141,11142,11143,11216,11220,11224,11232,11234,11245,11247]",0.45
30801,1197,"[3,4]","[11100,11102,11105,11107,11116,11122,11125,11126,11133,11134,11135,11137,11200,11201,11202,11203,11204,11205,11206,11207,11210,11212,11213,11214,11215,11217,11226,11230,11236,11240,11242,11300,11302,11305,11307]",0.45
30803,1197,"[3,4]","[11136]",0.45
30805,1197,"[3,4]","[11101,11103,11104,11106,11127]",0.45
30807,1197,"[1,2]","[10401,10403,10411,10413,10415,10445,10447,10914,10916,10941]",0.5
30810,1197,"[1,2]","[10405,10407,10414,10431,10440,10441,10442,10443,10444,10446,10910,10912,10913,10915,10925,10930,10931,10932,10933,10934,10935,10936,10937]",0.5
30812,1197,"[1,2]","[10404,10412,10416,10421,10433,10434,10435,10437,10903,10904,10906,10911,10917,10922,10947]",0.5
30814,1197,"[1,2]","[10402,10423,10424,10427,10436,10900,10901,10902,10905,10907,10920,10924,10946]",0.5
30816,1197,"[1,2]","[10400,10406,10425,10426,10923]",0.5
30818,1197,"[1,2]","[10420,10422,10921]",0.5
30821,1197,"[3,4]","[11113,11117,11121,11146,11221,11225,11227,11237]",0.5
30823,1197,"[3,4]","[11123,11144,11145,11147,11223,11231,11235]",0.5
30825,1197,"[3,4]","[11112,11114,11120,11124,11130,11132,11140,11141,11142,11143,11216,11220,11224,11232,11234,11245,11247]",0.5
30827,1197,"[3,4]","[11100,11102,11105,11107,11116,11122,11125,11126,11133,11134,11135,11137,11200,11201,11202,11203,11204,11205,11206,11207,11210,11212,11213,11214,11215,11217,11226,11230,11236,11240,11242,11300,11302,11305,11307]",0.5
31040,1197,"[3,4]","[11136]",0.5
31041,1197,"[3,4]","[11101,11103,11104,11106,11127]",0.5
30835,1064,"[1,2]","[10401,10403,10411,10413,10415,10445,10447,10914,10916,10941]",0.4
30837,1064,"[1,2]","[10405,10407,10414,10431,10440,10441,10442,10443,10444,10446,10910,10912,10913,10915,10925,10930,10931,10932,10933,10934,10935,10936,10937]",0.4
30839,1064,"[1,2]","[10404,10412,10416,10421,10433,10434,10435,10437,10903,10904,10906,10911,10917,10922,10947]",0.4
30842,1064,"[1,2]","[10402,10423,10424,10427,10436,10900,10901,10902,10905,10907,10920,10924,10946]",0.4
30844,1064,"[1,2]","[10400,10406,10425,10426,10923]",0.4
30846,1064,"[1,2]","[10420,10422,10921]",0.4
31062,1064,"[3,4]","[11113,11117,11121,11146,11221,11225,11227,11237]",0.4
31063,1064,"[3,4]","[11123,11144,11145,11147,11223,11231,11235]",0.4
31064,1064,"[3,4]","[11112,11114,11120,11124,11130,11132,11140,11141,11142,11143,11216,11220,11224,11232,11234,11245,11247]",0.4
31067,1064,"[3,4]","[11100,11102,11105,11107,11116,11122,11125,11126,11133,11134,11135,11137,11200,11201,11202,11203,11204,11205,11206,11207,11210,11212,11213,11214,11215,11217,11226,11230,11236,11240,11242,11300,11302,11305,11307]",0.4
31068,1064,"[3,4]","[11136]",0.4
31069,1064,"[3,4]","[11101,11103,11104,11106,11127]",0.4
30862,1064,"[1,2]","[10401,10403,10411,10413,10415,10445,10447,10914,10916,10941]",0.45
30864,1064,"[1,2]","[10405,10407,10414,10431,10440,10441,10442,10443,10444,10446,10910,10912,10913,10915,10925,10930,10931,10932,10933,10934,10935,10936,10937]",0.45
30866,1064,"[1,2]","[10404,10412,10416,10421,10433,10434,10435,10437,10903,10904,10906,10911,10917,10922,10947]",0.45
30868,1064,"[1,2]","[10402,10423,10424,10427,10436,10900,10901,10902,10905,10907,10920,10924,10946]",0.45
30870,1064,"[1,2]","[10400,10406,10425,10426,10923]",0.45
30873,1064,"[1,2]","[10420,10422,10921]",0.45
31070,1064,"[3,4]","[11113,11117,11121,11146,11221,11225,11227,11237]",0.45
31071,1064,"[3,4]","[11123,11144,11145,11147,11223,11231,11235]",0.45
31072,1064,"[3,4]","[11112,11114,11120,11124,11130,11132,11140,11141,11142,11143,11216,11220,11224,11232,11234,11245,11247]",0.45
31073,1064,"[3,4]","[11100,11102,11105,11107,11116,11122,11125,11126,11133,11134,11135,11137,11200,11201,11202,11203,11204,11205,11206,11207,11210,11212,11213,11214,11215,11217,11226,11230,11236,11240,11242,11300,11302,11305,11307]",0.45
31074,1064,"[3,4]","[11136]",0.45
31075,1064,"[3,4]","[11101,11103,11104,11106,11127]",0.45
30890,1064,"[1,2]","[10401,10403,10411,10413,10415,10445,10447,10914,10916,10941]",0.5
30892,1064,"[1,2]","[10405,10407,10414,10431,10440,10441,10442,10443,10444,10446,10910,10912,10913,10915,10925,10930,10931,10932,10933,10934,10935,10936,10937]",0.5
30895,1064,"[1,2]","[10404,10412,10416,10421,10433,10434,10435,10437,10903,10904,10906,10911,10917,10922,10947]",0.5
30897,1064,"[1,2]","[10402,10423,10424,10427,10436,10900,10901,10902,10905,10907,10920,10924,10946]",0.5
30899,1064,"[1,2]","[10400,10406,10425,10426,10923]",0.5
30901,1064,"[1,2]","[10420,10422,10921]",0.5
31076,1064,"[3,4]","[11113,11117,11121,11146,11221,11225,11227,11237]",0.5
31077,1064,"[3,4]","[11123,11144,11145,11147,11223,11231,11235]",0.5
31078,1064,"[3,4]","[11112,11114,11120,11124,11130,11132,11140,11141,11142,11143,11216,11220,11224,11232,11234,11245,11247]",0.5
31079,1064,"[3,4]","[11100,11102,11105,11107,11116,11122,11125,11126,11133,11134,11135,11137,11200,11201,11202,11203,11204,11205,11206,11207,11210,11212,11213,11214,11215,11217,11226,11230,11236,11240,11242,11300,11302,11305,11307]",0.5
31080,1064,"[3,4]","[11136]",0.5
31081,1064,"[3,4]","[11101,11103,11104,11106,11127]",0.5
30918,931,"[1,2]","[10401,10403,10411,10413,10415,10445,10447,10914,10916,10941]",0.4
30919,931,"[1,2]","[10405,10407,10414,10431,10440,10441,10442,10443,10444,10446,10910,10912,10913,10915,10925,10930,10931,10932,10933,10934,10935,10936,10937]",0.4
30920,931,"[1,2]","[10404,10412,10416,10421,10433,10434,10435,10437,10903,10904,10906,10911,10917,10922,10947]",0.4
30922,931,"[1,2]","[10402,10423,10424,10427,10436,10900,10901,10902,10905,10907,10920,10924,10946]",0.4
30924,931,"[1,2]","[10400,10406,10425,10426,10923]",0.4
30926,931,"[1,2]","[10420,10422,10921]",0.4
31082,931,"[3,4]","[11113,11117,11121,11146,11221,11225,11227,11237]",0.4
31083,931,"[3,4]","[11123,11144,11145,11147,11223,11231,11235]",0.4
31084,931,"[3,4]","[11112,11114,11120,11124,11130,11132,11140,11141,11142,11143,11216,11220,11224,11232,11234,11245,11247]",0.4
31085,931,"[3,4]","[11100,11102,11105,11107,11116,11122,11125,11126,11133,11134,11135,11137,11200,11201,11202,11203,11204,11205,11206,11207,11210,11212,11213,11214,11215,11217,11226,11230,11236,11240,11242,11300,11302,11305,11307]",0.4
31086,931,"[3,4]","[11136]",0.4
31087,931,"[3,4]","[11101,11103,11104,11106,11127]",0.4
30943,931,"[1,2]","[10401,10403,10411,10413,10415,10445,10447,10914,10916,10941]",0.45
30945,931,"[1,2]","[10405,10407,10414,10431,10440,10441,10442,10443,10444,10446,10910,10912,10913,10915,10925,10930,10931,10932,10933,10934,10935,10936,10937]",0.45
30948,931,"[1,2]","[10404,10412,10416,10421,10433,10434,10435,10437,10903,10904,10906,10911,10917,10922,10947]",0.45
30950,931,"[1,2]","[10402,10423,10424,10427,10436,10900,10901,10902,10905,10907,10920,10924,10946]",0.45
30952,931,"[1,2]","[10400,10406,10425,10426,10923]",0.45
30954,931,"[1,2]","[10420,10422,10921]",0.45
31088,931,"[3,4]","[11113,11117,11121,11146,11221,11225,11227,11237]",0.45
31089,931,"[3,4]","[11123,11144,11145,11147,11223,11231,11235]",0.45
31090,931,"[3,4]","[11112,11114,11120,11124,11130,11132,11140,11141,11142,11143,11216,11220,11224,11232,11234,11245,11247]",0.45
31091,931,"[3,4]","[11100,11102,11105,11107,11116,11122,11125,11126,11133,11134,11135,11137,11200,11201,11202,11203,11204,11205,11206,11207,11210,11212,11213,11214,11215,11217,11226,11230,11236,11240,11242,11300,11302,11305,11307]",0.45
31092,931,"[3,4]","[11136]",0.45
31093,931,"[3,4]","[11101,11103,11104,11106,11127]",0.45
30970,931,"[1,2]","[10401,10403,10411,10413,10415,10445,10447,10914,10916,10941]",0.5
30971,931,"[1,2]","[10405,10407,10414,10431,10440,10441,10442,10443,10444,10446,10910,10912,10913,10915,10925,10930,10931,10932,10933,10934,10935,10936,10937]",0.5
30972,931,"[1,2]","[10404,10412,10416,10421,10433,10434,10435,10437,10903,10904,10906,10911,10917,10922,10947]",0.5
30973,931,"[1,2]","[10402,10423,10424,10427,10436,10900,10901,10902,10905,10907,10920,10924,10946]",0.5
30974,931,"[1,2]","[10400,10406,10425,10426,10923]",0.5
30975,931,"[1,2]","[10420,10422,10921]",0.5
31094,931,"[3,4]","[11113,11117,11121,11146,11221,11225,11227,11237]",0.5
31095,931,"[3,4]","[11123,11144,11145,11147,11223,11231,11235]",0.5
31096,931,"[3,4]","[11112,11114,11120,11124,11130,11132,11140,11141,11142,11143,11216,11220,11224,11232,11234,11245,11247]",0.5
31097,931,"[3,4]","[11100,11102,11105,11107,11116,11122,11125,11126,11133,11134,11135,11137,11200,11201,11202,11203,11204,11205,11206,11207,11210,11212,11213,11214,11215,11217,11226,11230,11236,11240,11242,11300,11302,11305,11307]",0.5
31098,931,"[3,4]","[11136]",0.5
31100,931,"[3,4]","[11101,11103,11104,11106,11127]",0.5
