date,run,ov,vgain,integrator,mask,width,intensity
10/10/2024,29823,"[2.0, 3.5]",3192,0,1,1,1400
10/10/2024,29824,"[2.0, 3.5]",3192,0,1,1,1500
10/10/2024,29825,"[2.0, 3.5]",3192,0,1,1,1600
10/10/2024,29826,"[2.0, 3.5]",3192,0,1,1,1800
10/10/2024,29827,"[2.0, 3.5]",3192,0,1,1,2000
10/10/2024,29828,"[2.0, 3.5]",3192,0,1,1,2200
10/10/2024,29829,"[2.5, 4.5]",3192,0,1,1,1400
10/10/2024,29830,"[2.5, 4.5]",3192,0,1,1,1500
10/10/2024,29831,"[2.5, 4.5]",3192,0,1,1,1600
10/10/2024,29832,"[2.5, 4.5]",3192,0,1,1,1800
10/10/2024,29833,"[2.5, 4.5]",3192,0,1,1,2000
10/10/2024,29834,"[2.5, 4.5]",3192,0,1,1,2200
10/10/2024,29835,"[3.0, 7.0]",3192,0,1,1,1400
10/10/2024,29836,"[3.0, 7.0]",3192,0,1,1,1500
10/10/2024,29837,"[3.0, 7.0]",3192,0,1,1,1600
10/10/2024,29838,"[3.0, 7.0]",3192,0,1,1,1800
10/10/2024,29839,"[3.0, 7.0]",3192,0,1,1,2000
10/10/2024,29860,"[3.0, 7.0]",3192,0,1,1,2200
21/10/2024,31157,"[2.0, 3.5]",3192,0,50,20,1400
21/10/2024,31158,"[2.0, 3.5]",3192,0,50,20,1800
21/10/2024,31160,"[2.0, 3.5]",3192,0,50,20,2200
21/10/2024,31161,"[2.0, 3.5]",3192,0,50,20,2800
21/10/2024,31162,"[2.0, 3.5]",3192,0,50,20,3400
21/10/2024,31163,"[2.0, 3.5]",3192,0,50,20,4000
21/10/2024,31165,"[2.5, 4.5]",3192,0,50,20,1400
21/10/2024,31166,"[2.5, 4.5]",3192,0,50,20,1800
21/10/2024,31167,"[2.5, 4.5]",3192,0,50,20,2200
21/10/2024,31168,"[2.5, 4.5]",3192,0,50,20,2800
21/10/2024,31169,"[2.5, 4.5]",3192,0,50,20,3400
21/10/2024,31170,"[2.5, 4.5]",3192,0,50,20,4000
21/10/2024,31172,"[3.0, 7.0]",3192,0,50,20,1400
21/10/2024,31173,"[3.0, 7.0]",3192,0,50,20,1800
21/10/2024,31174,"[3.0, 7.0]",3192,0,50,20,2200
21/10/2024,31175,"[3.0, 7.0]",3192,0,50,20,2800
21/10/2024,31177,"[3.0, 7.0]",3192,0,50,20,3400
21/10/2024,31178,"[3.0, 7.0]",3192,0,50,20,4000
11/10/2024,29861,"[2.0, 3.5]",2926,0,1,1,1400
11/10/2024,29862,"[2.0, 3.5]",2926,0,1,1,1500
11/10/2024,29863,"[2.0, 3.5]",2926,0,1,1,1600
11/10/2024,29864,"[2.0, 3.5]",2926,0,1,1,1800
11/10/2024,29865,"[2.0, 3.5]",2926,0,1,1,2000
11/10/2024,29866,"[2.0, 3.5]",2926,0,1,1,2200
11/10/2024,29867,"[2.5, 4.5]",2926,0,1,1,1400
11/10/2024,29868,"[2.5, 4.5]",2926,0,1,1,1500
11/10/2024,29869,"[2.5, 4.5]",2926,0,1,1,1600
11/10/2024,29870,"[2.5, 4.5]",2926,0,1,1,1800
11/10/2024,29871,"[2.5, 4.5]",2926,0,1,1,2000
11/10/2024,29872,"[2.5, 4.5]",2926,0,1,1,2200
11/10/2024,29873,"[3.0, 7.0]",2926,0,1,1,1400
11/10/2024,29874,"[3.0, 7.0]",2926,0,1,1,1500
11/10/2024,29875,"[3.0, 7.0]",2926,0,1,1,1600
11/10/2024,29876,"[3.0, 7.0]",2926,0,1,1,1800
11/10/2024,29877,"[3.0, 7.0]",2926,0,1,1,2000
11/10/2024,29878,"[3.0, 7.0]",2926,0,1,1,2200
21/10/2024,31179,"[2.0, 3.5]",2926,0,50,20,1400
21/10/2024,31180,"[2.0, 3.5]",2926,0,50,20,1800
21/10/2024,31181,"[2.0, 3.5]",2926,0,50,20,2200
21/10/2024,31183,"[2.0, 3.5]",2926,0,50,20,2800
21/10/2024,31184,"[2.0, 3.5]",2926,0,50,20,3400
21/10/2024,31185,"[2.0, 3.5]",2926,0,50,20,4000
21/10/2024,31186,"[2.5, 4.5]",2926,0,50,20,1400
21/10/2024,31187,"[2.5, 4.5]",2926,0,50,20,1800
21/10/2024,31188,"[2.5, 4.5]",2926,0,50,20,2200
21/10/2024,31189,"[2.5, 4.5]",2926,0,50,20,2800
21/10/2024,31190,"[2.5, 4.5]",2926,0,50,20,3400
21/10/2024,31191,"[2.5, 4.5]",2926,0,50,20,4000
21/10/2024,31192,"[3.0, 7.0]",2926,0,50,20,1400
21/10/2024,31193,"[3.0, 7.0]",2926,0,50,20,1800
21/10/2024,31194,"[3.0, 7.0]",2926,0,50,20,2200
21/10/2024,31195,"[3.0, 7.0]",2926,0,50,20,2800
21/10/2024,31196,"[3.0, 7.0]",2926,0,50,20,3400
21/10/2024,31197,"[3.0, 7.0]",2926,0,50,20,4000
15/10/2024,29927,"[2.0, 3.5]",2793,0,50,20,1400
15/10/2024,29928,"[2.0, 3.5]",2793,0,50,20,1800
15/10/2024,29929,"[2.0, 3.5]",2793,0,50,20,2200
15/10/2024,29930,"[2.0, 3.5]",2793,0,50,20,2800
15/10/2024,29931,"[2.0, 3.5]",2793,0,50,20,1400
15/10/2024,29932,"[2.0, 3.5]",2793,0,50,20,1800
15/10/2024,29933,"[2.0, 3.5]",2793,0,50,20,2200
15/10/2024,29934,"[2.0, 3.5]",2793,0,50,20,2800
15/10/2024,29935,"[2.0, 3.5]",2793,0,50,20,3400
15/10/2024,29936,"[2.0, 3.5]",2793,0,50,20,4000
15/10/2024,29937,"[2.0, 3.5]",2793,0,1,1,1400
15/10/2024,29938,"[2.0, 3.5]",2793,0,1,1,1500
15/10/2024,29939,"[2.0, 3.5]",2793,0,1,1,1600
15/10/2024,29940,"[2.0, 3.5]",2793,0,1,1,1800
16/10/2024,30214,"[2.0, 3.5]",2793,0,1,1,2000
15/10/2024,29943,"[2.0, 3.5]",2793,0,1,1,2200
15/10/2024,29945,"[2.5, 4.5]",2793,0,50,20,1400
15/10/2024,29947,"[2.5, 4.5]",2793,0,50,20,1800
15/10/2024,29949,"[2.5, 4.5]",2793,0,50,20,2200
15/10/2024,29950,"[2.5, 4.5]",2793,0,50,20,2800
15/10/2024,29951,"[2.5, 4.5]",2793,0,50,20,1400
15/10/2024,29952,"[2.5, 4.5]",2793,0,50,20,1800
15/10/2024,29953,"[2.5, 4.5]",2793,0,50,20,2200
15/10/2024,29955,"[2.5, 4.5]",2793,0,50,20,2800
15/10/2024,29958,"[2.5, 4.5]",2793,0,50,20,3400
15/10/2024,29960,"[2.5, 4.5]",2793,0,50,20,4000
15/10/2024,29962,"[2.5, 4.5]",2793,0,1,1,1400
15/10/2024,29963,"[2.5, 4.5]",2793,0,1,1,1500
15/10/2024,29964,"[2.5, 4.5]",2793,0,1,1,1600
15/10/2024,29965,"[2.5, 4.5]",2793,0,1,1,1800
16/10/2024,30215,"[2.5, 4.5]",2793,0,1,1,2000
15/10/2024,29967,"[2.5, 4.5]",2793,0,1,1,2200
15/10/2024,29968,"[3.0, 7.0]",2793,0,50,20,1400
15/10/2024,29969,"[3.0, 7.0]",2793,0,50,20,1800
15/10/2024,29970,"[3.0, 7.0]",2793,0,50,20,2200
15/10/2024,29971,"[3.0, 7.0]",2793,0,50,20,2800
15/10/2024,29972,"[3.0, 7.0]",2793,0,50,20,1400
15/10/2024,29973,"[3.0, 7.0]",2793,0,50,20,1800
15/10/2024,29974,"[3.0, 7.0]",2793,0,50,20,2200
15/10/2024,29975,"[3.0, 7.0]",2793,0,50,20,2800
15/10/2024,29976,"[3.0, 7.0]",2793,0,50,20,3400
15/10/2024,29977,"[3.0, 7.0]",2793,0,50,20,4000
15/10/2024,29978,"[3.0, 7.0]",2793,0,1,1,1400
15/10/2024,29979,"[3.0, 7.0]",2793,0,1,1,1500
15/10/2024,29980,"[3.0, 7.0]",2793,0,1,1,1600
15/10/2024,29981,"[3.0, 7.0]",2793,0,1,1,1800
16/10/2024,30216,"[3.0, 7.0]",2793,0,1,1,2000
15/10/2024,29983,"[3.0, 7.0]",2793,0,1,1,2200
15/10/2024,29984,"[2.0, 3.5]",2660,0,50,20,1400
15/10/2024,29985,"[2.0, 3.5]",2660,0,50,20,1800
15/10/2024,29986,"[2.0, 3.5]",2660,0,50,20,2200
15/10/2024,29987,"[2.0, 3.5]",2660,0,50,20,2800
15/10/2024,29988,"[2.0, 3.5]",2660,0,50,20,1400
15/10/2024,29989,"[2.0, 3.5]",2660,0,50,20,1800
15/10/2024,29990,"[2.0, 3.5]",2660,0,50,20,2200
15/10/2024,29991,"[2.0, 3.5]",2660,0,50,20,2800
15/10/2024,29993,"[2.0, 3.5]",2660,0,50,20,3400
15/10/2024,29995,"[2.0, 3.5]",2660,0,50,20,4000
15/10/2024,29996,"[2.0, 3.5]",2660,0,1,1,1400
15/10/2024,29997,"[2.0, 3.5]",2660,0,1,1,1500
15/10/2024,29998,"[2.0, 3.5]",2660,0,1,1,1600
15/10/2024,29999,"[2.0, 3.5]",2660,0,1,1,1800
16/10/2024,30217,"[2.0, 3.5]",2660,0,1,1,2000
15/10/2024,30002,"[2.0, 3.5]",2660,0,1,1,2200
15/10/2024,30003,"[2.5, 4.5]",2660,0,50,20,1400
15/10/2024,30004,"[2.5, 4.5]",2660,0,50,20,1800
15/10/2024,30005,"[2.5, 4.5]",2660,0,50,20,2200
15/10/2024,30006,"[2.5, 4.5]",2660,0,50,20,2800
15/10/2024,30007,"[2.5, 4.5]",2660,0,50,20,1400
15/10/2024,30008,"[2.5, 4.5]",2660,0,50,20,1800
15/10/2024,30009,"[2.5, 4.5]",2660,0,50,20,2200
15/10/2024,30010,"[2.5, 4.5]",2660,0,50,20,2800
15/10/2024,30011,"[2.5, 4.5]",2660,0,50,20,3400
15/10/2024,30013,"[2.5, 4.5]",2660,0,50,20,4000
15/10/2024,30014,"[2.5, 4.5]",2660,0,1,1,1400
15/10/2024,30015,"[2.5, 4.5]",2660,0,1,1,1500
15/10/2024,30016,"[2.5, 4.5]",2660,0,1,1,1600
15/10/2024,30017,"[2.5, 4.5]",2660,0,1,1,1800
16/10/2024,30219,"[2.5, 4.5]",2660,0,1,1,2000
15/10/2024,30019,"[2.5, 4.5]",2660,0,1,1,2200
18/10/2024,31101,"[3.0, 7.0]",2660,0,50,20,1400
15/10/2024,30021,"[3.0, 7.0]",2660,0,50,20,1800
15/10/2024,30022,"[3.0, 7.0]",2660,0,50,20,2200
15/10/2024,30023,"[3.0, 7.0]",2660,0,50,20,2800
15/10/2024,30024,"[3.0, 7.0]",2660,0,50,20,1400
15/10/2024,30025,"[3.0, 7.0]",2660,0,50,20,1800
15/10/2024,30026,"[3.0, 7.0]",2660,0,50,20,2200
15/10/2024,30027,"[3.0, 7.0]",2660,0,50,20,2800
15/10/2024,30028,"[3.0, 7.0]",2660,0,50,20,3400
15/10/2024,30029,"[3.0, 7.0]",2660,0,50,20,4000
15/10/2024,30030,"[3.0, 7.0]",2660,0,1,1,1400
15/10/2024,30031,"[3.0, 7.0]",2660,0,1,1,1500
15/10/2024,30032,"[3.0, 7.0]",2660,0,1,1,1600
15/10/2024,30033,"[3.0, 7.0]",2660,0,1,1,1800
16/10/2024,30222,"[3.0, 7.0]",2660,0,1,1,2000
15/10/2024,30035,"[3.0, 7.0]",2660,0,1,1,2200
15/10/2024,30036,"[2.0, 3.5]",2527,0,50,20,1400
15/10/2024,30037,"[2.0, 3.5]",2527,0,50,20,1800
15/10/2024,30038,"[2.0, 3.5]",2527,0,50,20,2200
15/10/2024,30039,"[2.0, 3.5]",2527,0,50,20,2800
15/10/2024,30040,"[2.0, 3.5]",2527,0,50,20,1400
15/10/2024,30041,"[2.0, 3.5]",2527,0,50,20,1800
15/10/2024,30042,"[2.0, 3.5]",2527,0,50,20,2200
15/10/2024,30043,"[2.0, 3.5]",2527,0,50,20,2800
15/10/2024,30044,"[2.0, 3.5]",2527,0,50,20,3400
15/10/2024,30045,"[2.0, 3.5]",2527,0,50,20,4000
15/10/2024,30046,"[2.0, 3.5]",2527,0,1,1,1400
15/10/2024,30047,"[2.0, 3.5]",2527,0,1,1,1500
15/10/2024,30048,"[2.0, 3.5]",2527,0,1,1,1600
15/10/2024,30049,"[2.0, 3.5]",2527,0,1,1,1800
16/10/2024,30223,"[2.0, 3.5]",2527,0,1,1,2000
15/10/2024,30051,"[2.0, 3.5]",2527,0,1,1,2200
15/10/2024,30052,"[2.5, 4.5]",2527,0,50,20,1400
15/10/2024,30053,"[2.5, 4.5]",2527,0,50,20,1800
15/10/2024,30054,"[2.5, 4.5]",2527,0,50,20,2200
15/10/2024,30055,"[2.5, 4.5]",2527,0,50,20,2800
15/10/2024,30056,"[2.5, 4.5]",2527,0,50,20,1400
15/10/2024,30057,"[2.5, 4.5]",2527,0,50,20,1800
15/10/2024,30058,"[2.5, 4.5]",2527,0,50,20,2200
15/10/2024,30059,"[2.5, 4.5]",2527,0,50,20,2800
15/10/2024,30060,"[2.5, 4.5]",2527,0,50,20,3400
15/10/2024,30061,"[2.5, 4.5]",2527,0,50,20,4000
15/10/2024,30062,"[2.5, 4.5]",2527,0,1,1,1400
15/10/2024,30063,"[2.5, 4.5]",2527,0,1,1,1500
15/10/2024,30064,"[2.5, 4.5]",2527,0,1,1,1600
15/10/2024,30065,"[2.5, 4.5]",2527,0,1,1,1800
16/10/2024,30225,"[2.5, 4.5]",2527,0,1,1,2000
15/10/2024,30067,"[2.5, 4.5]",2527,0,1,1,2200
15/10/2024,30068,"[3.0, 7.0]",2527,0,50,20,1400
15/10/2024,30069,"[3.0, 7.0]",2527,0,50,20,1800
15/10/2024,30070,"[3.0, 7.0]",2527,0,50,20,2200
15/10/2024,30071,"[3.0, 7.0]",2527,0,50,20,2800
15/10/2024,30072,"[3.0, 7.0]",2527,0,50,20,1400
15/10/2024,30073,"[3.0, 7.0]",2527,0,50,20,1800
15/10/2024,30074,"[3.0, 7.0]",2527,0,50,20,2200
15/10/2024,30075,"[3.0, 7.0]",2527,0,50,20,2800
15/10/2024,30076,"[3.0, 7.0]",2527,0,50,20,3400
15/10/2024,30077,"[3.0, 7.0]",2527,0,50,20,4000
15/10/2024,30078,"[3.0, 7.0]",2527,0,1,1,1400
15/10/2024,30079,"[3.0, 7.0]",2527,0,1,1,1500
15/10/2024,30080,"[3.0, 7.0]",2527,0,1,1,1600
15/10/2024,30081,"[3.0, 7.0]",2527,0,1,1,1800
16/10/2024,30226,"[3.0, 7.0]",2527,0,1,1,2000
15/10/2024,30083,"[3.0, 7.0]",2527,0,1,1,2200
15/10/2024,30084,"[2.0, 3.5]",2394,0,50,20,1400
15/10/2024,30085,"[2.0, 3.5]",2394,0,50,20,1800
15/10/2024,30086,"[2.0, 3.5]",2394,0,50,20,2200
15/10/2024,30087,"[2.0, 3.5]",2394,0,50,20,2800
15/10/2024,30088,"[2.0, 3.5]",2394,0,50,20,1400
15/10/2024,30089,"[2.0, 3.5]",2394,0,50,20,1800
15/10/2024,30090,"[2.0, 3.5]",2394,0,50,20,2200
15/10/2024,30091,"[2.0, 3.5]",2394,0,50,20,2800
15/10/2024,30092,"[2.0, 3.5]",2394,0,50,20,3400
15/10/2024,30093,"[2.0, 3.5]",2394,0,50,20,4000
15/10/2024,30094,"[2.0, 3.5]",2394,0,1,1,1400
15/10/2024,30095,"[2.0, 3.5]",2394,0,1,1,1500
15/10/2024,30096,"[2.0, 3.5]",2394,0,1,1,1600
15/10/2024,30097,"[2.0, 3.5]",2394,0,1,1,1800
16/10/2024,30227,"[2.0, 3.5]",2394,0,1,1,2000
15/10/2024,30099,"[2.0, 3.5]",2394,0,1,1,2200
15/10/2024,30100,"[2.5, 4.5]",2394,0,50,20,1400
15/10/2024,30101,"[2.5, 4.5]",2394,0,50,20,1800
15/10/2024,30102,"[2.5, 4.5]",2394,0,50,20,2200
15/10/2024,30103,"[2.5, 4.5]",2394,0,50,20,2800
15/10/2024,30104,"[2.5, 4.5]",2394,0,50,20,1400
15/10/2024,30105,"[2.5, 4.5]",2394,0,50,20,1800
15/10/2024,30106,"[2.5, 4.5]",2394,0,50,20,2200
15/10/2024,30107,"[2.5, 4.5]",2394,0,50,20,2800
15/10/2024,30108,"[2.5, 4.5]",2394,0,50,20,3400
15/10/2024,30109,"[2.5, 4.5]",2394,0,50,20,4000
15/10/2024,30110,"[2.5, 4.5]",2394,0,1,1,1400
15/10/2024,30111,"[2.5, 4.5]",2394,0,1,1,1500
15/10/2024,30112,"[2.5, 4.5]",2394,0,1,1,1600
15/10/2024,30113,"[2.5, 4.5]",2394,0,1,1,1800
16/10/2024,30229,"[2.5, 4.5]",2394,0,1,1,2000
15/10/2024,30115,"[2.5, 4.5]",2394,0,1,1,2200
15/10/2024,30116,"[3.0, 7.0]",2394,0,50,20,1400
15/10/2024,30117,"[3.0, 7.0]",2394,0,50,20,1800
15/10/2024,30118,"[3.0, 7.0]",2394,0,50,20,2200
15/10/2024,30119,"[3.0, 7.0]",2394,0,50,20,2800
15/10/2024,30120,"[3.0, 7.0]",2394,0,50,20,1400
15/10/2024,30121,"[3.0, 7.0]",2394,0,50,20,1800
15/10/2024,30122,"[3.0, 7.0]",2394,0,50,20,2200
15/10/2024,30123,"[3.0, 7.0]",2394,0,50,20,2800
15/10/2024,30124,"[3.0, 7.0]",2394,0,50,20,3400
15/10/2024,30125,"[3.0, 7.0]",2394,0,50,20,4000
15/10/2024,30126,"[3.0, 7.0]",2394,0,1,1,1400
15/10/2024,30127,"[3.0, 7.0]",2394,0,1,1,1500
15/10/2024,30128,"[3.0, 7.0]",2394,0,1,1,1600
15/10/2024,30129,"[3.0, 7.0]",2394,0,1,1,1800
16/10/2024,30233,"[3.0, 7.0]",2394,0,1,1,2000
15/10/2024,30131,"[3.0, 7.0]",2394,0,1,1,2200
15/10/2024,30132,"[2.0, 3.5]",2261,0,50,20,1400
15/10/2024,30133,"[2.0, 3.5]",2261,0,50,20,1800
15/10/2024,30134,"[2.0, 3.5]",2261,0,50,20,2200
15/10/2024,30135,"[2.0, 3.5]",2261,0,50,20,2800
15/10/2024,30136,"[2.0, 3.5]",2261,0,50,20,1400
15/10/2024,30137,"[2.0, 3.5]",2261,0,50,20,1800
15/10/2024,30138,"[2.0, 3.5]",2261,0,50,20,2200
15/10/2024,30139,"[2.0, 3.5]",2261,0,50,20,2800
15/10/2024,30140,"[2.0, 3.5]",2261,0,50,20,3400
15/10/2024,30141,"[2.0, 3.5]",2261,0,50,20,4000
15/10/2024,30142,"[2.0, 3.5]",2261,0,1,1,1400
15/10/2024,30143,"[2.0, 3.5]",2261,0,1,1,1500
15/10/2024,30144,"[2.0, 3.5]",2261,0,1,1,1600
15/10/2024,30145,"[2.0, 3.5]",2261,0,1,1,1800
16/10/2024,30234,"[2.0, 3.5]",2261,0,1,1,2000
15/10/2024,30147,"[2.0, 3.5]",2261,0,1,1,2200
15/10/2024,30148,"[2.5, 4.5]",2261,0,50,20,1400
15/10/2024,30149,"[2.5, 4.5]",2261,0,50,20,1800
15/10/2024,30150,"[2.5, 4.5]",2261,0,50,20,2200
15/10/2024,30151,"[2.5, 4.5]",2261,0,50,20,2800
15/10/2024,30152,"[2.5, 4.5]",2261,0,50,20,1400
15/10/2024,30153,"[2.5, 4.5]",2261,0,50,20,1800
15/10/2024,30154,"[2.5, 4.5]",2261,0,50,20,2200
15/10/2024,30155,"[2.5, 4.5]",2261,0,50,20,2800
15/10/2024,30156,"[2.5, 4.5]",2261,0,50,20,3400
15/10/2024,30157,"[2.5, 4.5]",2261,0,50,20,4000
15/10/2024,30158,"[2.5, 4.5]",2261,0,1,1,1400
15/10/2024,30159,"[2.5, 4.5]",2261,0,1,1,1500
15/10/2024,30160,"[2.5, 4.5]",2261,0,1,1,1600
15/10/2024,30161,"[2.5, 4.5]",2261,0,1,1,1800
16/10/2024,30236,"[2.5, 4.5]",2261,0,1,1,2000
15/10/2024,30163,"[2.5, 4.5]",2261,0,1,1,2200
15/10/2024,30164,"[3.0, 7.0]",2261,0,50,20,1400
15/10/2024,30165,"[3.0, 7.0]",2261,0,50,20,1800
15/10/2024,30166,"[3.0, 7.0]",2261,0,50,20,2200
15/10/2024,30167,"[3.0, 7.0]",2261,0,50,20,2800
15/10/2024,30168,"[3.0, 7.0]",2261,0,50,20,1400
15/10/2024,30169,"[3.0, 7.0]",2261,0,50,20,1800
15/10/2024,30170,"[3.0, 7.0]",2261,0,50,20,2200
15/10/2024,30171,"[3.0, 7.0]",2261,0,50,20,2800
15/10/2024,30172,"[3.0, 7.0]",2261,0,50,20,3400
15/10/2024,30173,"[3.0, 7.0]",2261,0,50,20,4000
15/10/2024,30174,"[3.0, 7.0]",2261,0,1,1,1400
15/10/2024,30175,"[3.0, 7.0]",2261,0,1,1,1500
15/10/2024,30176,"[3.0, 7.0]",2261,0,1,1,1600
15/10/2024,30177,"[3.0, 7.0]",2261,0,1,1,1800
16/10/2024,30238,"[3.0, 7.0]",2261,0,1,1,2000
15/10/2024,30179,"[3.0, 7.0]",2261,0,1,1,2200
16/10/2024,30239,"[2.0, 3.5]",2128,0,50,20,1400
16/10/2024,30240,"[2.0, 3.5]",2128,0,50,20,1800
16/10/2024,30241,"[2.0, 3.5]",2128,0,50,20,2200
16/10/2024,30242,"[2.0, 3.5]",2128,0,50,20,2800
16/10/2024,30243,"[2.0, 3.5]",2128,0,50,20,3400
16/10/2024,30245,"[2.0, 3.5]",2128,0,50,20,4000
16/10/2024,30248,"[2.0, 3.5]",2128,0,1,1,1400
16/10/2024,30250,"[2.0, 3.5]",2128,0,1,1,1500
16/10/2024,30252,"[2.0, 3.5]",2128,0,1,1,1600
16/10/2024,30254,"[2.0, 3.5]",2128,0,1,1,1800
16/10/2024,30256,"[2.0, 3.5]",2128,0,12,1,2000
16/10/2024,30259,"[2.0, 3.5]",2128,0,12,1,2200
16/10/2024,30261,"[2.5, 4.5]",2128,0,50,20,1400
16/10/2024,30263,"[2.5, 4.5]",2128,0,50,20,1800
16/10/2024,30265,"[2.5, 4.5]",2128,0,50,20,2200
16/10/2024,30268,"[2.5, 4.5]",2128,0,50,20,2800
16/10/2024,30270,"[2.5, 4.5]",2128,0,50,20,3400
16/10/2024,30272,"[2.5, 4.5]",2128,0,50,20,4000
16/10/2024,30274,"[2.5, 4.5]",2128,0,1,1,1400
16/10/2024,30276,"[2.5, 4.5]",2128,0,1,1,1500
16/10/2024,30279,"[2.5, 4.5]",2128,0,1,1,1600
16/10/2024,30281,"[2.5, 4.5]",2128,0,1,1,1800
16/10/2024,30283,"[2.5, 4.5]",2128,0,12,1,2000
16/10/2024,30285,"[2.5, 4.5]",2128,0,12,1,2200
16/10/2024,30288,"[3.0, 7.0]",2128,0,50,20,1400
16/10/2024,30290,"[3.0, 7.0]",2128,0,50,20,1800
16/10/2024,30291,"[3.0, 7.0]",2128,0,50,20,2200
16/10/2024,30292,"[3.0, 7.0]",2128,0,50,20,2800
16/10/2024,30293,"[3.0, 7.0]",2128,0,50,20,3400
16/10/2024,30294,"[3.0, 7.0]",2128,0,50,20,4000
16/10/2024,30295,"[3.0, 7.0]",2128,0,1,1,1400
16/10/2024,30296,"[3.0, 7.0]",2128,0,1,1,1500
16/10/2024,30297,"[3.0, 7.0]",2128,0,1,1,1600
16/10/2024,30298,"[3.0, 7.0]",2128,0,1,1,1800
16/10/2024,30299,"[3.0, 7.0]",2128,0,12,1,2000
16/10/2024,30300,"[3.0, 7.0]",2128,0,12,1,2200
16/10/2024,30301,"[2.0, 3.5]",1995,0,50,20,1400
16/10/2024,30302,"[2.0, 3.5]",1995,0,50,20,1800
16/10/2024,30303,"[2.0, 3.5]",1995,0,50,20,2200
16/10/2024,30304,"[2.0, 3.5]",1995,0,50,20,2800
16/10/2024,30305,"[2.0, 3.5]",1995,0,50,20,3400
16/10/2024,30306,"[2.0, 3.5]",1995,0,50,20,4000
16/10/2024,30307,"[2.0, 3.5]",1995,0,1,1,1400
16/10/2024,30308,"[2.0, 3.5]",1995,0,1,1,1500
16/10/2024,30309,"[2.0, 3.5]",1995,0,1,1,1600
16/10/2024,30310,"[2.0, 3.5]",1995,0,1,1,1800
16/10/2024,30311,"[2.0, 3.5]",1995,0,12,1,2000
16/10/2024,30312,"[2.0, 3.5]",1995,0,12,1,2200
16/10/2024,30313,"[2.5, 4.5]",1995,0,50,20,1400
16/10/2024,30314,"[2.5, 4.5]",1995,0,50,20,1800
16/10/2024,30315,"[2.5, 4.5]",1995,0,50,20,2200
16/10/2024,30316,"[2.5, 4.5]",1995,0,50,20,2800
16/10/2024,30317,"[2.5, 4.5]",1995,0,50,20,3400
16/10/2024,30318,"[2.5, 4.5]",1995,0,50,20,4000
16/10/2024,30319,"[2.5, 4.5]",1995,0,1,1,1400
16/10/2024,30320,"[2.5, 4.5]",1995,0,1,1,1500
16/10/2024,30321,"[2.5, 4.5]",1995,0,1,1,1600
16/10/2024,30322,"[2.5, 4.5]",1995,0,1,1,1800
16/10/2024,30323,"[2.5, 4.5]",1995,0,12,1,2000
16/10/2024,30324,"[2.5, 4.5]",1995,0,12,1,2200
16/10/2024,30325,"[3.0, 7.0]",1995,0,50,20,1400
16/10/2024,30326,"[3.0, 7.0]",1995,0,50,20,1800
16/10/2024,30327,"[3.0, 7.0]",1995,0,50,20,2200
16/10/2024,30328,"[3.0, 7.0]",1995,0,50,20,2800
16/10/2024,30331,"[3.0, 7.0]",1995,0,50,20,3400
16/10/2024,30333,"[3.0, 7.0]",1995,0,50,20,4000
16/10/2024,30335,"[3.0, 7.0]",1995,0,1,1,1400
16/10/2024,30337,"[3.0, 7.0]",1995,0,1,1,1500
16/10/2024,30339,"[3.0, 7.0]",1995,0,1,1,1600
16/10/2024,30342,"[3.0, 7.0]",1995,0,1,1,1800
16/10/2024,30344,"[3.0, 7.0]",1995,0,12,1,2000
16/10/2024,30346,"[3.0, 7.0]",1995,0,12,1,2200
16/10/2024,30348,"[2.0, 3.5]",1862,0,50,20,1400
16/10/2024,30350,"[2.0, 3.5]",1862,0,50,20,1800
16/10/2024,30352,"[2.0, 3.5]",1862,0,50,20,2200
16/10/2024,30355,"[2.0, 3.5]",1862,0,50,20,2800
16/10/2024,30357,"[2.0, 3.5]",1862,0,50,20,3400
16/10/2024,30359,"[2.0, 3.5]",1862,0,50,20,4000
16/10/2024,30361,"[2.0, 3.5]",1862,0,1,1,1400
16/10/2024,30363,"[2.0, 3.5]",1862,0,1,1,1500
16/10/2024,30366,"[2.0, 3.5]",1862,0,1,1,1600
16/10/2024,30368,"[2.0, 3.5]",1862,0,1,1,1800
16/10/2024,30370,"[2.0, 3.5]",1862,0,12,1,2000
16/10/2024,30372,"[2.0, 3.5]",1862,0,12,1,2200
16/10/2024,30375,"[2.5, 4.5]",1862,0,50,20,1400
16/10/2024,30377,"[2.5, 4.5]",1862,0,50,20,1800
16/10/2024,30379,"[2.5, 4.5]",1862,0,50,20,2200
16/10/2024,30381,"[2.5, 4.5]",1862,0,50,20,2800
16/10/2024,30384,"[2.5, 4.5]",1862,0,50,20,3400
16/10/2024,30386,"[2.5, 4.5]",1862,0,50,20,4000
16/10/2024,30388,"[2.5, 4.5]",1862,0,1,1,1400
16/10/2024,30390,"[2.5, 4.5]",1862,0,1,1,1500
16/10/2024,30392,"[2.5, 4.5]",1862,0,1,1,1600
16/10/2024,30395,"[2.5, 4.5]",1862,0,1,1,1800
16/10/2024,30397,"[2.5, 4.5]",1862,0,12,1,2000
16/10/2024,30399,"[2.5, 4.5]",1862,0,12,1,2200
16/10/2024,30401,"[3.0, 7.0]",1862,0,50,20,1400
16/10/2024,30403,"[3.0, 7.0]",1862,0,50,20,1800
16/10/2024,30406,"[3.0, 7.0]",1862,0,50,20,2200
16/10/2024,30408,"[3.0, 7.0]",1862,0,50,20,2800
16/10/2024,30410,"[3.0, 7.0]",1862,0,50,20,3400
17/10/2024,30412,"[3.0, 7.0]",1862,0,50,20,4000
17/10/2024,30415,"[3.0, 7.0]",1862,0,1,1,1400
17/10/2024,30417,"[3.0, 7.0]",1862,0,1,1,1500
17/10/2024,30419,"[3.0, 7.0]",1862,0,1,1,1600
17/10/2024,30422,"[3.0, 7.0]",1862,0,1,1,1800
17/10/2024,30424,"[3.0, 7.0]",1862,0,12,1,2000
17/10/2024,30427,"[3.0, 7.0]",1862,0,12,1,2200
17/10/2024,30429,"[2.0, 3.5]",1729,0,50,20,1400
17/10/2024,30431,"[2.0, 3.5]",1729,0,50,20,1800
17/10/2024,30433,"[2.0, 3.5]",1729,0,50,20,2200
17/10/2024,30436,"[2.0, 3.5]",1729,0,50,20,2800
17/10/2024,30438,"[2.0, 3.5]",1729,0,50,20,3400
17/10/2024,30440,"[2.0, 3.5]",1729,0,50,20,4000
17/10/2024,30442,"[2.0, 3.5]",1729,0,1,1,1400
17/10/2024,30444,"[2.0, 3.5]",1729,0,1,1,1500
17/10/2024,30447,"[2.0, 3.5]",1729,0,1,1,1600
17/10/2024,30449,"[2.0, 3.5]",1729,0,1,1,1800
17/10/2024,30451,"[2.0, 3.5]",1729,0,12,1,2000
17/10/2024,30453,"[2.0, 3.5]",1729,0,12,1,2200
17/10/2024,30456,"[2.5, 4.5]",1729,0,50,20,1400
17/10/2024,30458,"[2.5, 4.5]",1729,0,50,20,1800
17/10/2024,30460,"[2.5, 4.5]",1729,0,50,20,2200
17/10/2024,30462,"[2.5, 4.5]",1729,0,50,20,2800
17/10/2024,30465,"[2.5, 4.5]",1729,0,50,20,3400
17/10/2024,30467,"[2.5, 4.5]",1729,0,50,20,4000
17/10/2024,30469,"[2.5, 4.5]",1729,0,1,1,1400
17/10/2024,30471,"[2.5, 4.5]",1729,0,1,1,1500
17/10/2024,30473,"[2.5, 4.5]",1729,0,1,1,1600
17/10/2024,30476,"[2.5, 4.5]",1729,0,1,1,1800
17/10/2024,30478,"[2.5, 4.5]",1729,0,12,1,2000
17/10/2024,30480,"[2.5, 4.5]",1729,0,12,1,2200
17/10/2024,30482,"[3.0, 7.0]",1729,0,50,20,1400
17/10/2024,30485,"[3.0, 7.0]",1729,0,50,20,1800
17/10/2024,30487,"[3.0, 7.0]",1729,0,50,20,2200
17/10/2024,30489,"[3.0, 7.0]",1729,0,50,20,2800
17/10/2024,30491,"[3.0, 7.0]",1729,0,50,20,3400
17/10/2024,30493,"[3.0, 7.0]",1729,0,50,20,4000
17/10/2024,30496,"[3.0, 7.0]",1729,0,1,1,1400
17/10/2024,30498,"[3.0, 7.0]",1729,0,1,1,1500
17/10/2024,30500,"[3.0, 7.0]",1729,0,1,1,1600
17/10/2024,30502,"[3.0, 7.0]",1729,0,1,1,1800
17/10/2024,30504,"[3.0, 7.0]",1729,0,12,1,2000
17/10/2024,30508,"[3.0, 7.0]",1729,0,12,1,2200
17/10/2024,30510,"[2.0, 3.5]",1596,0,50,20,1400
17/10/2024,30512,"[2.0, 3.5]",1596,0,50,20,1800
17/10/2024,30514,"[2.0, 3.5]",1596,0,50,20,2200
17/10/2024,30517,"[2.0, 3.5]",1596,0,50,20,2800
17/10/2024,30519,"[2.0, 3.5]",1596,0,50,20,3400
17/10/2024,30521,"[2.0, 3.5]",1596,0,50,20,4000
17/10/2024,30523,"[2.0, 3.5]",1596,0,1,1,1400
17/10/2024,30525,"[2.0, 3.5]",1596,0,1,1,1500
17/10/2024,30528,"[2.0, 3.5]",1596,0,1,1,1600
17/10/2024,30530,"[2.0, 3.5]",1596,0,1,1,1800
17/10/2024,30532,"[2.0, 3.5]",1596,0,12,1,2000
17/10/2024,30534,"[2.0, 3.5]",1596,0,12,1,2200
17/10/2024,30536,"[2.5, 4.5]",1596,0,50,20,1400
17/10/2024,30539,"[2.5, 4.5]",1596,0,50,20,1800
17/10/2024,30541,"[2.5, 4.5]",1596,0,50,20,2200
17/10/2024,30543,"[2.5, 4.5]",1596,0,50,20,2800
17/10/2024,30545,"[2.5, 4.5]",1596,0,50,20,3400
17/10/2024,30547,"[2.5, 4.5]",1596,0,50,20,4000
17/10/2024,30550,"[2.5, 4.5]",1596,0,1,1,1400
17/10/2024,30552,"[2.5, 4.5]",1596,0,1,1,1500
17/10/2024,30554,"[2.5, 4.5]",1596,0,1,1,1600
17/10/2024,30556,"[2.5, 4.5]",1596,0,1,1,1800
17/10/2024,30558,"[2.5, 4.5]",1596,0,12,1,2000
17/10/2024,30561,"[2.5, 4.5]",1596,0,12,1,2200
17/10/2024,30563,"[3.0, 7.0]",1596,0,50,20,1400
17/10/2024,30565,"[3.0, 7.0]",1596,0,50,20,1800
17/10/2024,30567,"[3.0, 7.0]",1596,0,50,20,2200
17/10/2024,30570,"[3.0, 7.0]",1596,0,50,20,2800
17/10/2024,30572,"[3.0, 7.0]",1596,0,50,20,3400
17/10/2024,30574,"[3.0, 7.0]",1596,0,50,20,4000
17/10/2024,30576,"[3.0, 7.0]",1596,0,1,1,1400
17/10/2024,30579,"[3.0, 7.0]",1596,0,1,1,1500
17/10/2024,30582,"[3.0, 7.0]",1596,0,1,1,1600
17/10/2024,30584,"[3.0, 7.0]",1596,0,1,1,1800
17/10/2024,30586,"[3.0, 7.0]",1596,0,12,1,2000
17/10/2024,30588,"[3.0, 7.0]",1596,0,12,1,2200
17/10/2024,30591,"[2.0, 3.5]",1463,0,50,20,1400
17/10/2024,30593,"[2.0, 3.5]",1463,0,50,20,1800
17/10/2024,30595,"[2.0, 3.5]",1463,0,50,20,2200
17/10/2024,30597,"[2.0, 3.5]",1463,0,50,20,2800
17/10/2024,30599,"[2.0, 3.5]",1463,0,50,20,3400
17/10/2024,30602,"[2.0, 3.5]",1463,0,50,20,4000
17/10/2024,30604,"[2.0, 3.5]",1463,0,1,1,1400
17/10/2024,30606,"[2.0, 3.5]",1463,0,1,1,1500
17/10/2024,30608,"[2.0, 3.5]",1463,0,1,1,1600
17/10/2024,30611,"[2.0, 3.5]",1463,0,1,1,1800
17/10/2024,30614,"[2.0, 3.5]",1463,0,12,1,2000
17/10/2024,30616,"[2.0, 3.5]",1463,0,12,1,2200
17/10/2024,30618,"[2.5, 4.5]",1463,0,50,20,1400
17/10/2024,30620,"[2.5, 4.5]",1463,0,50,20,1800
17/10/2024,30623,"[2.5, 4.5]",1463,0,50,20,2200
17/10/2024,30625,"[2.5, 4.5]",1463,0,50,20,2800
17/10/2024,30627,"[2.5, 4.5]",1463,0,50,20,3400
17/10/2024,30629,"[2.5, 4.5]",1463,0,50,20,4000
17/10/2024,30631,"[2.5, 4.5]",1463,0,1,1,1400
17/10/2024,30634,"[2.5, 4.5]",1463,0,1,1,1500
17/10/2024,30636,"[2.5, 4.5]",1463,0,1,1,1600
17/10/2024,30638,"[2.5, 4.5]",1463,0,1,1,1800
17/10/2024,30640,"[2.5, 4.5]",1463,0,12,1,2000
17/10/2024,30642,"[2.5, 4.5]",1463,0,12,1,2200
17/10/2024,30645,"[3.0, 7.0]",1463,0,50,20,1400
17/10/2024,30647,"[3.0, 7.0]",1463,0,50,20,1800
17/10/2024,30649,"[3.0, 7.0]",1463,0,50,20,2200
17/10/2024,30651,"[3.0, 7.0]",1463,0,50,20,2800
17/10/2024,30656,"[3.0, 7.0]",1463,0,50,20,4000
17/10/2024,30658,"[3.0, 7.0]",1463,0,1,1,1400
17/10/2024,30662,"[3.0, 7.0]",1463,0,1,1,1500
17/10/2024,30664,"[3.0, 7.0]",1463,0,1,1,1600
17/10/2024,30666,"[3.0, 7.0]",1463,0,1,1,1800
17/10/2024,30668,"[3.0, 7.0]",1463,0,12,1,2000
17/10/2024,30670,"[3.0, 7.0]",1463,0,12,1,2200
17/10/2024,30673,"[2.0, 3.5]",1330,0,50,20,1400
17/10/2024,30675,"[2.0, 3.5]",1330,0,50,20,1800
17/10/2024,30677,"[2.0, 3.5]",1330,0,50,20,2200
17/10/2024,30379,"[2.0, 3.5]",1330,0,50,20,2800
17/10/2024,30682,"[2.0, 3.5]",1330,0,50,20,3400
17/10/2024,30684,"[2.0, 3.5]",1330,0,50,20,4000
17/10/2024,30686,"[2.0, 3.5]",1330,0,1,1,1400
17/10/2024,30688,"[2.0, 3.5]",1330,0,1,1,1500
17/10/2024,30691,"[2.0, 3.5]",1330,0,1,1,1600
17/10/2024,30694,"[2.0, 3.5]",1330,0,1,1,1800
17/10/2024,30696,"[2.0, 3.5]",1330,0,12,1,2000
17/10/2024,30698,"[2.0, 3.5]",1330,0,12,1,2200
17/10/2024,30700,"[2.5, 4.5]",1330,0,50,20,1400
17/10/2024,30703,"[2.5, 4.5]",1330,0,50,20,1800
17/10/2024,30705,"[2.5, 4.5]",1330,0,50,20,2200
17/10/2024,30707,"[2.5, 4.5]",1330,0,50,20,2800
17/10/2024,30709,"[2.5, 4.5]",1330,0,50,20,3400
17/10/2024,30711,"[2.5, 4.5]",1330,0,50,20,4000
17/10/2024,30714,"[2.5, 4.5]",1330,0,1,1,1400
17/10/2024,30716,"[2.5, 4.5]",1330,0,1,1,1500
17/10/2024,30718,"[2.5, 4.5]",1330,0,1,1,1600
17/10/2024,30720,"[2.5, 4.5]",1330,0,1,1,1800
17/10/2024,30722,"[2.5, 4.5]",1330,0,12,1,2000
17/10/2024,30724,"[2.5, 4.5]",1330,0,12,1,2200
17/10/2024,30727,"[3.0, 7.0]",1330,0,50,20,1400
17/10/2024,30729,"[3.0, 7.0]",1330,0,50,20,1800
17/10/2024,30731,"[3.0, 7.0]",1330,0,50,20,2200
17/10/2024,30733,"[3.0, 7.0]",1330,0,50,20,2800
17/10/2024,30736,"[3.0, 7.0]",1330,0,50,20,3400
17/10/2024,30738,"[3.0, 7.0]",1330,0,50,20,4000
17/10/2024,30740,"[3.0, 7.0]",1330,0,1,1,1400
17/10/2024,30742,"[3.0, 7.0]",1330,0,1,1,1500
17/10/2024,30744,"[3.0, 7.0]",1330,0,1,1,1600
17/10/2024,30747,"[3.0, 7.0]",1330,0,1,1,1800
17/10/2024,30749,"[3.0, 7.0]",1330,0,12,1,2000
17/10/2024,30752,"[3.0, 7.0]",1330,0,12,1,2200
17/10/2024,30754,"[2.0, 3.5]",1197,0,50,20,1400
17/10/2024,30756,"[2.0, 3.5]",1197,0,50,20,1800
17/10/2024,30759,"[2.0, 3.5]",1197,0,50,20,2200
17/10/2024,30761,"[2.0, 3.5]",1197,0,50,20,2800
17/10/2024,30763,"[2.0, 3.5]",1197,0,50,20,3400
17/10/2024,30765,"[2.0, 3.5]",1197,0,50,20,4000
17/10/2024,30758,"[2.0, 3.5]",1197,0,1,1,1400
17/10/2024,30770,"[2.0, 3.5]",1197,0,1,1,1500
17/10/2024,30772,"[2.0, 3.5]",1197,0,1,1,1600
17/10/2024,30774,"[2.0, 3.5]",1197,0,1,1,1800
17/10/2024,30776,"[2.0, 3.5]",1197,0,12,1,2000
17/10/2024,30779,"[2.0, 3.5]",1197,0,12,1,2200
17/10/2024,30781,"[2.5, 4.5]",1197,0,50,20,1400
17/10/2024,30783,"[2.5, 4.5]",1197,0,50,20,1800
17/10/2024,30785,"[2.5, 4.5]",1197,0,50,20,2200
17/10/2024,30787,"[2.5, 4.5]",1197,0,50,20,2800
17/10/2024,30790,"[2.5, 4.5]",1197,0,50,20,3400
17/10/2024,30792,"[2.5, 4.5]",1197,0,50,20,4000
17/10/2024,30794,"[2.5, 4.5]",1197,0,1,1,1400
17/10/2024,30796,"[2.5, 4.5]",1197,0,1,1,1500
17/10/2024,30798,"[2.5, 4.5]",1197,0,1,1,1600
17/10/2024,30801,"[2.5, 4.5]",1197,0,1,1,1800
17/10/2024,30803,"[2.5, 4.5]",1197,0,12,1,2000
17/10/2024,30805,"[2.5, 4.5]",1197,0,12,1,2200
17/10/2024,30807,"[3.0, 7.0]",1197,0,50,20,1400
17/10/2024,30810,"[3.0, 7.0]",1197,0,50,20,1800
17/10/2024,30812,"[3.0, 7.0]",1197,0,50,20,2200
17/10/2024,30814,"[3.0, 7.0]",1197,0,50,20,2800
17/10/2024,30816,"[3.0, 7.0]",1197,0,50,20,3400
17/10/2024,30818,"[3.0, 7.0]",1197,0,50,20,4000
17/10/2024,30821,"[3.0, 7.0]",1197,0,1,1,1400
17/10/2024,30823,"[3.0, 7.0]",1197,0,1,1,1500
17/10/2024,30825,"[3.0, 7.0]",1197,0,1,1,1600
17/10/2024,30827,"[3.0, 7.0]",1197,0,1,1,1800
18/10/2024,31040,"[3.0, 7.0]",1197,0,12,1,2000
18/10/2024,31041,"[3.0, 7.0]",1197,0,12,1,2200
17/10/2024,30835,"[2.0, 3.5]",1064,0,50,20,1400
17/10/2024,30837,"[2.0, 3.5]",1064,0,50,20,1800
17/10/2024,30839,"[2.0, 3.5]",1064,0,50,20,2200
17/10/2024,30842,"[2.0, 3.5]",1064,0,50,20,2800
17/10/2024,30844,"[2.0, 3.5]",1064,0,50,20,3400
17/10/2024,30846,"[2.0, 3.5]",1064,0,50,20,4000
18/10/2024,31062,"[2.0, 3.5]",1064,0,1,1,1400
18/10/2024,31063,"[2.0, 3.5]",1064,0,1,1,1500
18/10/2024,31064,"[2.0, 3.5]",1064,0,1,1,1600
18/10/2024,31067,"[2.0, 3.5]",1064,0,1,1,1800
18/10/2024,31068,"[2.0, 3.5]",1064,0,12,1,2000
18/10/2024,31069,"[2.0, 3.5]",1064,0,12,1,2200
17/10/2024,30862,"[2.5, 4.5]",1064,0,50,20,1400
17/10/2024,30864,"[2.5, 4.5]",1064,0,50,20,1800
17/10/2024,30866,"[2.5, 4.5]",1064,0,50,20,2200
17/10/2024,30868,"[2.5, 4.5]",1064,0,50,20,2800
17/10/2024,30870,"[2.5, 4.5]",1064,0,50,20,3400
17/10/2024,30873,"[2.5, 4.5]",1064,0,50,20,4000
18/10/2024,31070,"[2.5, 4.5]",1064,0,1,1,1400
18/10/2024,31071,"[2.5, 4.5]",1064,0,1,1,1500
18/10/2024,31072,"[2.5, 4.5]",1064,0,1,1,1600
18/10/2024,31073,"[2.5, 4.5]",1064,0,1,1,1800
18/10/2024,31074,"[2.5, 4.5]",1064,0,12,1,2000
18/10/2024,31075,"[2.5, 4.5]",1064,0,12,1,2200
17/10/2024,30890,"[3.0, 7.0]",1064,0,50,20,1400
17/10/2024,30892,"[3.0, 7.0]",1064,0,50,20,1800
17/10/2024,30895,"[3.0, 7.0]",1064,0,50,20,2200
17/10/2024,30897,"[3.0, 7.0]",1064,0,50,20,2800
17/10/2024,30899,"[3.0, 7.0]",1064,0,50,20,3400
17/10/2024,30901,"[3.0, 7.0]",1064,0,50,20,4000
18/10/2024,31076,"[3.0, 7.0]",1064,0,1,1,1400
18/10/2024,31077,"[3.0, 7.0]",1064,0,1,1,1500
18/10/2024,31078,"[3.0, 7.0]",1064,0,1,1,1600
18/10/2024,31079,"[3.0, 7.0]",1064,0,1,1,1800
18/10/2024,31080,"[3.0, 7.0]",1064,0,12,1,2000
18/10/2024,31081,"[3.0, 7.0]",1064,0,12,1,2200
17/10/2024,30918,"[2.0, 3.5]",931,0,50,20,1400
17/10/2024,30919,"[2.0, 3.5]",931,0,50,20,1800
17/10/2024,30920,"[2.0, 3.5]",931,0,50,20,2200
17/10/2024,30922,"[2.0, 3.5]",931,0,50,20,2800
17/10/2024,30924,"[2.0, 3.5]",931,0,50,20,3400
17/10/2024,30926,"[2.0, 3.5]",931,0,50,20,4000
18/10/2024,31082,"[2.0, 3.5]",931,0,1,1,1400
18/10/2024,31083,"[2.0, 3.5]",931,0,1,1,1500
18/10/2024,31084,"[2.0, 3.5]",931,0,1,1,1600
18/10/2024,31085,"[2.0, 3.5]",931,0,1,1,1800
18/10/2024,31086,"[2.0, 3.5]",931,0,12,1,2000
18/10/2024,31087,"[2.0, 3.5]",931,0,12,1,2200
17/10/2024,30943,"[2.5, 4.5]",931,0,50,20,1400
17/10/2024,30945,"[2.5, 4.5]",931,0,50,20,1800
17/10/2024,30948,"[2.5, 4.5]",931,0,50,20,2200
17/10/2024,30950,"[2.5, 4.5]",931,0,50,20,2800
17/10/2024,30952,"[2.5, 4.5]",931,0,50,20,3400
17/10/2024,30954,"[2.5, 4.5]",931,0,50,20,4000
18/10/2024,31088,"[2.5, 4.5]",931,0,1,1,1400
18/10/2024,31089,"[2.5, 4.5]",931,0,1,1,1500
18/10/2024,31090,"[2.5, 4.5]",931,0,1,1,1600
18/10/2024,31091,"[2.5, 4.5]",931,0,1,1,1800
18/10/2024,31092,"[2.5, 4.5]",931,0,12,1,2000
18/10/2024,31093,"[2.5, 4.5]",931,0,12,1,2200
17/10/2024,30970,"[3.0, 7.0]",931,0,50,20,1400
17/10/2024,30971,"[3.0, 7.0]",931,0,50,20,1800
17/10/2024,30972,"[3.0, 7.0]",931,0,50,20,2200
17/10/2024,30973,"[3.0, 7.0]",931,0,50,20,2800
17/10/2024,30974,"[3.0, 7.0]",931,0,50,20,3400
17/10/2024,30975,"[3.0, 7.0]",931,0,50,20,4000
18/10/2024,31094,"[3.0, 7.0]",931,0,1,1,1400
18/10/2024,31095,"[3.0, 7.0]",931,0,1,1,1500
18/10/2024,31096,"[3.0, 7.0]",931,0,1,1,1600
18/10/2024,31097,"[3.0, 7.0]",931,0,1,1,1800
18/10/2024,31098,"[3.0, 7.0]",931,0,12,1,2000
18/10/2024,31100,"[3.0, 7.0]",931,0,12,1,2200
