run,channels
29823,"[11113, 11117, 11121, 11146, 11221, 11225, 11227, 11237]"
29824,"[11123, 11144, 11145, 11146, 11223, 11231, 11235]"
29825,"[11112, 11114, 11120, 11124, 11130, 11132, 11140, 11141, 11142, 11143, 11216, 11220, 11224, 11232, 11234, 11245, 11247]"
29826,"[11100, 11102, 11105, 11107, 11116, 11122, 11125, 11126, 11133, 11134, 11135, 11137, 11200, 11201, 11202, 11203, 11204, 11205, 11206, 11207, 11210, 11212, 11213, 11214, 11215, 11217, 11226, 11230, 11236, 11240, 11242, 11300, 11302, 11305, 11307]"
29827,[11136]
29828,"[11101, 11103, 11104, 11106, 11127]"
29829,"[11113, 11117, 11121, 11146, 11221, 11225, 11227, 11237]"
29830,"[11123, 11144, 11145, 11146, 11223, 11231, 11235]"
29831,"[11112, 11114, 11120, 11124, 11130, 11132, 11140, 11141, 11142, 11143, 11216, 11220, 11224, 11232, 11234, 11245, 11247]"
29832,"[11100, 11102, 11105, 11107, 11116, 11122, 11125, 11126, 11133, 11134, 11135, 11137, 11200, 11201, 11202, 11203, 11204, 11205, 11206, 11207, 11210, 11212, 11213, 11214, 11215, 11217, 11226, 11230, 11236, 11240, 11242, 11300, 11302, 11305, 11307]"
29833,[11136]
29834,"[11101, 11103, 11104, 11106, 11127]"
29835,"[11113, 11117, 11121, 11146, 11221, 11225, 11227, 11237]"
29836,"[11123, 11144, 11145, 11146, 11223, 11231, 11235]"
29837,"[11112, 11114, 11120, 11124, 11130, 11132, 11140, 11141, 11142, 11143, 11216, 11220, 11224, 11232, 11234, 11245, 11247]"
29838,"[11100, 11102, 11105, 11107, 11116, 11122, 11125, 11126, 11133, 11134, 11135, 11137, 11200, 11201, 11202, 11203, 11204, 11205, 11206, 11207, 11210, 11212, 11213, 11214, 11215, 11217, 11226, 11230, 11236, 11240, 11242, 11300, 11302, 11305, 11307]"
29839,[11136]
29860,"[11101, 11103, 11104, 11106, 11127]"
31157,"[10401, 10403, 10411, 10413, 10415, 10445, 10447, 10914, 10916, 10941]"
31158,"[10405, 10407, 10414, 10431, 10440, 10441, 10442, 10443, 10444, 10446, 10910, 10912, 10913, 10915, 10925, 10930, 10931, 10932, 10933, 10934, 10935, 10936, 10937]"
31160,"[10404, 10412, 10416, 10421, 10433, 10434, 10435, 10437, 10903, 10904, 10906, 10911, 10917, 10922, 10947]"
31161,"[10402, 10423, 10424, 10427, 10436, 10900, 10901, 10902, 10905, 10907, 10920, 10924, 10946]"
31162,"[10400, 10406, 10425, 10426, 10923]"
31163,"[10420, 10422, 10921]"
31165,"[10401, 10403, 10411, 10413, 10415, 10445, 10447, 10914, 10916, 10941]"
31166,"[10405, 10407, 10414, 10431, 10440, 10441, 10442, 10443, 10444, 10446, 10910, 10912, 10913, 10915, 10925, 10930, 10931, 10932, 10933, 10934, 10935, 10936, 10937]"
31167,"[10404, 10412, 10416, 10421, 10433, 10434, 10435, 10437, 10903, 10904, 10906, 10911, 10917, 10922, 10947]"
31168,"[10402, 10423, 10424, 10427, 10436, 10900, 10901, 10902, 10905, 10907, 10920, 10924, 10946]"
31169,"[10400, 10406, 10425, 10426, 10923]"
31170,"[10420, 10422, 10921]"
31172,"[10401, 10403, 10411, 10413, 10415, 10445, 10447, 10914, 10916, 10941]"
31173,"[10405, 10407, 10414, 10431, 10440, 10441, 10442, 10443, 10444, 10446, 10910, 10912, 10913, 10915, 10925, 10930, 10931, 10932, 10933, 10934, 10935, 10936, 10937]"
31174,"[10404, 10412, 10416, 10421, 10433, 10434, 10435, 10437, 10903, 10904, 10906, 10911, 10917, 10922, 10947]"
31175,"[10402, 10423, 10424, 10427, 10436, 10900, 10901, 10902, 10905, 10907, 10920, 10924, 10946]"
31177,"[10400, 10406, 10425, 10426, 10923]"
31178,"[10420, 10422, 10921]"
29861,"[11113, 11117, 11121, 11146, 11221, 11225, 11227, 11237]"
29862,"[11123, 11144, 11145, 11146, 11223, 11231, 11235]"
29863,"[11112, 11114, 11120, 11124, 11130, 11132, 11140, 11141, 11142, 11143, 11216, 11220, 11224, 11232, 11234, 11245, 11247]"
29864,"[11100, 11102, 11105, 11107, 11116, 11122, 11125, 11126, 11133, 11134, 11135, 11137, 11200, 11201, 11202, 11203, 11204, 11205, 11206, 11207, 11210, 11212, 11213, 11214, 11215, 11217, 11226, 11230, 11236, 11240, 11242, 11300, 11302, 11305, 11307]"
29865,[11136]
29866,"[11101, 11103, 11104, 11106, 11127]"
29867,"[11113, 11117, 11121, 11146, 11221, 11225, 11227, 11237]"
29868,"[11123, 11144, 11145, 11146, 11223, 11231, 11235]"
29869,"[11112, 11114, 11120, 11124, 11130, 11132, 11140, 11141, 11142, 11143, 11216, 11220, 11224, 11232, 11234, 11245, 11247]"
29870,"[11100, 11102, 11105, 11107, 11116, 11122, 11125, 11126, 11133, 11134, 11135, 11137, 11200, 11201, 11202, 11203, 11204, 11205, 11206, 11207, 11210, 11212, 11213, 11214, 11215, 11217, 11226, 11230, 11236, 11240, 11242, 11300, 11302, 11305, 11307]"
29871,[11136]
29872,"[11101, 11103, 11104, 11106, 11127]"
29873,"[11113, 11117, 11121, 11146, 11221, 11225, 11227, 11237]"
29874,"[11123, 11144, 11145, 11146, 11223, 11231, 11235]"
29875,"[11112, 11114, 11120, 11124, 11130, 11132, 11140, 11141, 11142, 11143, 11216, 11220, 11224, 11232, 11234, 11245, 11247]"
29876,"[11100, 11102, 11105, 11107, 11116, 11122, 11125, 11126, 11133, 11134, 11135, 11137, 11200, 11201, 11202, 11203, 11204, 11205, 11206, 11207, 11210, 11212, 11213, 11214, 11215, 11217, 11226, 11230, 11236, 11240, 11242, 11300, 11302, 11305, 11307]"
29877,[11136]
29878,"[11101, 11103, 11104, 11106, 11127]"
31179,"[10401, 10403, 10411, 10413, 10415, 10445, 10447, 10914, 10916, 10941]"
31180,"[10405, 10407, 10414, 10431, 10440, 10441, 10442, 10443, 10444, 10446, 10910, 10912, 10913, 10915, 10925, 10930, 10931, 10932, 10933, 10934, 10935, 10936, 10937]"
31181,"[10404, 10412, 10416, 10421, 10433, 10434, 10435, 10437, 10903, 10904, 10906, 10911, 10917, 10922, 10947]"
31183,"[10402, 10423, 10424, 10427, 10436, 10900, 10901, 10902, 10905, 10907, 10920, 10924, 10946]"
31184,"[10400, 10406, 10425, 10426, 10923]"
31185,"[10420, 10422, 10921]"
31186,"[10401, 10403, 10411, 10413, 10415, 10445, 10447, 10914, 10916, 10941]"
31187,"[10405, 10407, 10414, 10431, 10440, 10441, 10442, 10443, 10444, 10446, 10910, 10912, 10913, 10915, 10925, 10930, 10931, 10932, 10933, 10934, 10935, 10936, 10937]"
31188,"[10404, 10412, 10416, 10421, 10433, 10434, 10435, 10437, 10903, 10904, 10906, 10911, 10917, 10922, 10947]"
31189,"[10402, 10423, 10424, 10427, 10436, 10900, 10901, 10902, 10905, 10907, 10920, 10924, 10946]"
31190,"[10400, 10406, 10425, 10426, 10923]"
31191,"[10420, 10422, 10921]"
31192,"[10401, 10403, 10411, 10413, 10415, 10445, 10447, 10914, 10916, 10941]"
31193,"[10405, 10407, 10414, 10431, 10440, 10441, 10442, 10443, 10444, 10446, 10910, 10912, 10913, 10915, 10925, 10930, 10931, 10932, 10933, 10934, 10935, 10936, 10937]"
31194,"[10404, 10412, 10416, 10421, 10433, 10434, 10435, 10437, 10903, 10904, 10906, 10911, 10917, 10922, 10947]"
31195,"[10402, 10423, 10424, 10427, 10436, 10900, 10901, 10902, 10905, 10907, 10920, 10924, 10946]"
31196,"[10400, 10406, 10425, 10426, 10923]"
31197,"[10420, 10422, 10921]"
29927,"[10401, 10403, 10411, 10413, 10415, 10445, 10447]"
29928,"[10405, 10407, 10414, 10431, 10440, 10441, 10442, 10443, 10444, 10446]"
29929,"[10404, 10412, 10416, 10421, 10433, 10434, 10435, 10437]"
29930,"[10402, 10423, 10424, 10427, 10436]"
29931,"[10914, 10916, 10941]"
29932,"[10910, 10912, 10913, 10915, 10925, 10930, 10931, 10932, 10933, 10934, 10935, 10936, 10937]"
29933,"[10903, 10904, 10906, 10911, 10917, 10922, 10947]"
29934,"[10900, 10901, 10902, 10905, 10907, 10920, 10924, 10946]"
29935,[10923]
29936,[10921]
29937,"[11113, 11117, 11121, 11146, 11221, 11225, 11227, 11237]"
29938,"[11123, 11144, 11145, 11146, 11223, 11231, 11235]"
29939,"[11112, 11114, 11120, 11124, 11130, 11132, 11140, 11141, 11142, 11143, 11216, 11220, 11224, 11232, 11234, 11245, 11247]"
29940,"[11100, 11102, 11105, 11107, 11116, 11122, 11125, 11126, 11133, 11134, 11135, 11137, 11200, 11201, 11202, 11203, 11204, 11205, 11206, 11207, 11210, 11212, 11213, 11214, 11215, 11217, 11226, 11230, 11236, 11240, 11242, 11300, 11302, 11305, 11307]"
30214,[11136]
29943,"[11101, 11103, 11104, 11106, 11127]"
29945,"[10401, 10403, 10411, 10413, 10415, 10445, 10447]"
29947,"[10405, 10407, 10414, 10431, 10440, 10441, 10442, 10443, 10444, 10446]"
29949,"[10404, 10412, 10416, 10421, 10433, 10434, 10435, 10437]"
29950,"[10402, 10423, 10424, 10427, 10436]"
29951,"[10914, 10916, 10941]"
29952,"[10910, 10912, 10913, 10915, 10925, 10930, 10931, 10932, 10933, 10934, 10935, 10936, 10937]"
29953,"[10903, 10904, 10906, 10911, 10917, 10922, 10947]"
29955,"[10900, 10901, 10902, 10905, 10907, 10920, 10924, 10946]"
29958,[10923]
29960,[10921]
29962,"[11113, 11117, 11121, 11146, 11221, 11225, 11227, 11237]"
29963,"[11123, 11144, 11145, 11146, 11223, 11231, 11235]"
29964,"[11112, 11114, 11120, 11124, 11130, 11132, 11140, 11141, 11142, 11143, 11216, 11220, 11224, 11232, 11234, 11245, 11247]"
29965,"[11100, 11102, 11105, 11107, 11116, 11122, 11125, 11126, 11133, 11134, 11135, 11137, 11200, 11201, 11202, 11203, 11204, 11205, 11206, 11207, 11210, 11212, 11213, 11214, 11215, 11217, 11226, 11230, 11236, 11240, 11242, 11300, 11302, 11305, 11307]"
30215,[11136]
29967,"[11101, 11103, 11104, 11106, 11127]"
29968,"[10401, 10403, 10411, 10413, 10415, 10445, 10447]"
29969,"[10405, 10407, 10414, 10431, 10440, 10441, 10442, 10443, 10444, 10446]"
29970,"[10404, 10412, 10416, 10421, 10433, 10434, 10435, 10437]"
29971,"[10402, 10423, 10424, 10427, 10436]"
29972,"[10914, 10916, 10941]"
29973,"[10910, 10912, 10913, 10915, 10925, 10930, 10931, 10932, 10933, 10934, 10935, 10936, 10937]"
29974,"[10903, 10904, 10906, 10911, 10917, 10922, 10947]"
29975,"[10900, 10901, 10902, 10905, 10907, 10920, 10924, 10946]"
29976,[10923]
29977,[10921]
29978,"[11113, 11117, 11121, 11146, 11221, 11225, 11227, 11237]"
29979,"[11123, 11144, 11145, 11146, 11223, 11231, 11235]"
29980,"[11112, 11114, 11120, 11124, 11130, 11132, 11140, 11141, 11142, 11143, 11216, 11220, 11224, 11232, 11234, 11245, 11247]"
29981,"[11100, 11102, 11105, 11107, 11116, 11122, 11125, 11126, 11133, 11134, 11135, 11137, 11200, 11201, 11202, 11203, 11204, 11205, 11206, 11207, 11210, 11212, 11213, 11214, 11215, 11217, 11226, 11230, 11236, 11240, 11242, 11300, 11302, 11305, 11307]"
30216,[11136]
29983,"[11101, 11103, 11104, 11106, 11127]"
29984,"[10401, 10403, 10411, 10413, 10415, 10445, 10447]"
29985,"[10405, 10407, 10414, 10431, 10440, 10441, 10442, 10443, 10444, 10446]"
29986,"[10404, 10412, 10416, 10421, 10433, 10434, 10435, 10437]"
29987,"[10402, 10423, 10424, 10427, 10436]"
29988,"[10914, 10916, 10941]"
29989,"[10910, 10912, 10913, 10915, 10925, 10930, 10931, 10932, 10933, 10934, 10935, 10936, 10937]"
29990,"[10903, 10904, 10906, 10911, 10917, 10922, 10947]"
29991,"[10900, 10901, 10902, 10905, 10907, 10920, 10924, 10946]"
29993,[10923]
29995,[10921]
29996,"[11113, 11117, 11121, 11146, 11221, 11225, 11227, 11237]"
29997,"[11123, 11144, 11145, 11146, 11223, 11231, 11235]"
29998,"[11112, 11114, 11120, 11124, 11130, 11132, 11140, 11141, 11142, 11143, 11216, 11220, 11224, 11232, 11234, 11245, 11247]"
29999,"[11100, 11102, 11105, 11107, 11116, 11122, 11125, 11126, 11133, 11134, 11135, 11137, 11200, 11201, 11202, 11203, 11204, 11205, 11206, 11207, 11210, 11212, 11213, 11214, 11215, 11217, 11226, 11230, 11236, 11240, 11242, 11300, 11302, 11305, 11307]"
30217,[11136]
30002,"[11101, 11103, 11104, 11106, 11127]"
30003,"[10401, 10403, 10411, 10413, 10415, 10445, 10447]"
30004,"[10405, 10407, 10414, 10431, 10440, 10441, 10442, 10443, 10444, 10446]"
30005,"[10404, 10412, 10416, 10421, 10433, 10434, 10435, 10437]"
30006,"[10402, 10423, 10424, 10427, 10436]"
30007,"[10914, 10916, 10941]"
30008,"[10910, 10912, 10913, 10915, 10925, 10930, 10931, 10932, 10933, 10934, 10935, 10936, 10937]"
30009,"[10903, 10904, 10906, 10911, 10917, 10922, 10947]"
30010,"[10900, 10901, 10902, 10905, 10907, 10920, 10924, 10946]"
30011,[10923]
30013,[10921]
30014,"[11113, 11117, 11121, 11146, 11221, 11225, 11227, 11237]"
30015,"[11123, 11144, 11145, 11146, 11223, 11231, 11235]"
30016,"[11112, 11114, 11120, 11124, 11130, 11132, 11140, 11141, 11142, 11143, 11216, 11220, 11224, 11232, 11234, 11245, 11247]"
30017,"[11100, 11102, 11105, 11107, 11116, 11122, 11125, 11126, 11133, 11134, 11135, 11137, 11200, 11201, 11202, 11203, 11204, 11205, 11206, 11207, 11210, 11212, 11213, 11214, 11215, 11217, 11226, 11230, 11236, 11240, 11242, 11300, 11302, 11305, 11307]"
30219,[11136]
30019,"[11101, 11103, 11104, 11106, 11127]"
31101,"[10401, 10403, 10411, 10413, 10415, 10445, 10447, 10914, 10916, 10941]"
30021,"[10405, 10407, 10414, 10431, 10440, 10441, 10442, 10443, 10444, 10446]"
30022,"[10404, 10412, 10416, 10421, 10433, 10434, 10435, 10437]"
30023,"[10402, 10423, 10424, 10427, 10436]"
30024,"[10914, 10916, 10941]"
30025,"[10910, 10912, 10913, 10915, 10925, 10930, 10931, 10932, 10933, 10934, 10935, 10936, 10937]"
30026,"[10903, 10904, 10906, 10911, 10917, 10922, 10947]"
30027,"[10900, 10901, 10902, 10905, 10907, 10920, 10924, 10946]"
30028,[10923]
30029,[10921]
30030,"[11113, 11117, 11121, 11146, 11221, 11225, 11227, 11237]"
30031,"[11123, 11144, 11145, 11146, 11223, 11231, 11235]"
30032,"[11112, 11114, 11120, 11124, 11130, 11132, 11140, 11141, 11142, 11143, 11216, 11220, 11224, 11232, 11234, 11245, 11247]"
30033,"[11100, 11102, 11105, 11107, 11116, 11122, 11125, 11126, 11133, 11134, 11135, 11137, 11200, 11201, 11202, 11203, 11204, 11205, 11206, 11207, 11210, 11212, 11213, 11214, 11215, 11217, 11226, 11230, 11236, 11240, 11242, 11300, 11302, 11305, 11307]"
30222,[11136]
30035,"[11101, 11103, 11104, 11106, 11127]"
30036,"[10401, 10403, 10411, 10413, 10415, 10445, 10447]"
30037,"[10405, 10407, 10414, 10431, 10440, 10441, 10442, 10443, 10444, 10446]"
30038,"[10404, 10412, 10416, 10421, 10433, 10434, 10435, 10437]"
30039,"[10402, 10423, 10424, 10427, 10436]"
30040,"[10914, 10916, 10941]"
30041,"[10910, 10912, 10913, 10915, 10925, 10930, 10931, 10932, 10933, 10934, 10935, 10936, 10937]"
30042,"[10903, 10904, 10906, 10911, 10917, 10922, 10947]"
30043,"[10900, 10901, 10902, 10905, 10907, 10920, 10924, 10946]"
30044,[10923]
30045,[10921]
30046,"[11113, 11117, 11121, 11146, 11221, 11225, 11227, 11237]"
30047,"[11123, 11144, 11145, 11146, 11223, 11231, 11235]"
30048,"[11112, 11114, 11120, 11124, 11130, 11132, 11140, 11141, 11142, 11143, 11216, 11220, 11224, 11232, 11234, 11245, 11247]"
30049,"[11100, 11102, 11105, 11107, 11116, 11122, 11125, 11126, 11133, 11134, 11135, 11137, 11200, 11201, 11202, 11203, 11204, 11205, 11206, 11207, 11210, 11212, 11213, 11214, 11215, 11217, 11226, 11230, 11236, 11240, 11242, 11300, 11302, 11305, 11307]"
30223,[11136]
30051,"[11101, 11103, 11104, 11106, 11127]"
30052,"[10401, 10403, 10411, 10413, 10415, 10445, 10447]"
30053,"[10405, 10407, 10414, 10431, 10440, 10441, 10442, 10443, 10444, 10446]"
30054,"[10404, 10412, 10416, 10421, 10433, 10434, 10435, 10437]"
30055,"[10402, 10423, 10424, 10427, 10436]"
30056,"[10914, 10916, 10941]"
30057,"[10910, 10912, 10913, 10915, 10925, 10930, 10931, 10932, 10933, 10934, 10935, 10936, 10937]"
30058,"[10903, 10904, 10906, 10911, 10917, 10922, 10947]"
30059,"[10900, 10901, 10902, 10905, 10907, 10920, 10924, 10946]"
30060,[10923]
30061,[10921]
30062,"[11113, 11117, 11121, 11146, 11221, 11225, 11227, 11237]"
30063,"[11123, 11144, 11145, 11146, 11223, 11231, 11235]"
30064,"[11112, 11114, 11120, 11124, 11130, 11132, 11140, 11141, 11142, 11143, 11216, 11220, 11224, 11232, 11234, 11245, 11247]"
30065,"[11100, 11102, 11105, 11107, 11116, 11122, 11125, 11126, 11133, 11134, 11135, 11137, 11200, 11201, 11202, 11203, 11204, 11205, 11206, 11207, 11210, 11212, 11213, 11214, 11215, 11217, 11226, 11230, 11236, 11240, 11242, 11300, 11302, 11305, 11307]"
30225,[11136]
30067,"[11101, 11103, 11104, 11106, 11127]"
30068,"[10401, 10403, 10411, 10413, 10415, 10445, 10447]"
30069,"[10405, 10407, 10414, 10431, 10440, 10441, 10442, 10443, 10444, 10446]"
30070,"[10404, 10412, 10416, 10421, 10433, 10434, 10435, 10437]"
30071,"[10402, 10423, 10424, 10427, 10436]"
30072,"[10914, 10916, 10941]"
30073,"[10910, 10912, 10913, 10915, 10925, 10930, 10931, 10932, 10933, 10934, 10935, 10936, 10937]"
30074,"[10903, 10904, 10906, 10911, 10917, 10922, 10947]"
30075,"[10900, 10901, 10902, 10905, 10907, 10920, 10924, 10946]"
30076,[10923]
30077,[10921]
30078,"[11113, 11117, 11121, 11146, 11221, 11225, 11227, 11237]"
30079,"[11123, 11144, 11145, 11146, 11223, 11231, 11235]"
30080,"[11112, 11114, 11120, 11124, 11130, 11132, 11140, 11141, 11142, 11143, 11216, 11220, 11224, 11232, 11234, 11245, 11247]"
30081,"[11100, 11102, 11105, 11107, 11116, 11122, 11125, 11126, 11133, 11134, 11135, 11137, 11200, 11201, 11202, 11203, 11204, 11205, 11206, 11207, 11210, 11212, 11213, 11214, 11215, 11217, 11226, 11230, 11236, 11240, 11242, 11300, 11302, 11305, 11307]"
30226,[11136]
30083,"[11101, 11103, 11104, 11106, 11127]"
30084,"[10401, 10403, 10411, 10413, 10415, 10445, 10447]"
30085,"[10405, 10407, 10414, 10431, 10440, 10441, 10442, 10443, 10444, 10446]"
30086,"[10404, 10412, 10416, 10421, 10433, 10434, 10435, 10437]"
30087,"[10402, 10423, 10424, 10427, 10436]"
30088,"[10914, 10916, 10941]"
30089,"[10910, 10912, 10913, 10915, 10925, 10930, 10931, 10932, 10933, 10934, 10935, 10936, 10937]"
30090,"[10903, 10904, 10906, 10911, 10917, 10922, 10947]"
30091,"[10900, 10901, 10902, 10905, 10907, 10920, 10924, 10946]"
30092,[10923]
30093,[10921]
30094,"[11113, 11117, 11121, 11146, 11221, 11225, 11227, 11237]"
30095,"[11123, 11144, 11145, 11146, 11223, 11231, 11235]"
30096,"[11112, 11114, 11120, 11124, 11130, 11132, 11140, 11141, 11142, 11143, 11216, 11220, 11224, 11232, 11234, 11245, 11247]"
30097,"[11100, 11102, 11105, 11107, 11116, 11122, 11125, 11126, 11133, 11134, 11135, 11137, 11200, 11201, 11202, 11203, 11204, 11205, 11206, 11207, 11210, 11212, 11213, 11214, 11215, 11217, 11226, 11230, 11236, 11240, 11242, 11300, 11302, 11305, 11307]"
30227,[11136]
30099,"[11101, 11103, 11104, 11106, 11127]"
30100,"[10401, 10403, 10411, 10413, 10415, 10445, 10447]"
30101,"[10405, 10407, 10414, 10431, 10440, 10441, 10442, 10443, 10444, 10446]"
30102,"[10404, 10412, 10416, 10421, 10433, 10434, 10435, 10437]"
30103,"[10402, 10423, 10424, 10427, 10436]"
30104,"[10914, 10916, 10941]"
30105,"[10910, 10912, 10913, 10915, 10925, 10930, 10931, 10932, 10933, 10934, 10935, 10936, 10937]"
30106,"[10903, 10904, 10906, 10911, 10917, 10922, 10947]"
30107,"[10900, 10901, 10902, 10905, 10907, 10920, 10924, 10946]"
30108,[10923]
30109,[10921]
30110,"[11113, 11117, 11121, 11146, 11221, 11225, 11227, 11237]"
30111,"[11123, 11144, 11145, 11146, 11223, 11231, 11235]"
30112,"[11112, 11114, 11120, 11124, 11130, 11132, 11140, 11141, 11142, 11143, 11216, 11220, 11224, 11232, 11234, 11245, 11247]"
30113,"[11100, 11102, 11105, 11107, 11116, 11122, 11125, 11126, 11133, 11134, 11135, 11137, 11200, 11201, 11202, 11203, 11204, 11205, 11206, 11207, 11210, 11212, 11213, 11214, 11215, 11217, 11226, 11230, 11236, 11240, 11242, 11300, 11302, 11305, 11307]"
30229,[11136]
30115,"[11101, 11103, 11104, 11106, 11127]"
30116,"[10401, 10403, 10411, 10413, 10415, 10445, 10447]"
30117,"[10405, 10407, 10414, 10431, 10440, 10441, 10442, 10443, 10444, 10446]"
30118,"[10404, 10412, 10416, 10421, 10433, 10434, 10435, 10437]"
30119,"[10402, 10423, 10424, 10427, 10436]"
30120,"[10914, 10916, 10941]"
30121,"[10910, 10912, 10913, 10915, 10925, 10930, 10931, 10932, 10933, 10934, 10935, 10936, 10937]"
30122,"[10903, 10904, 10906, 10911, 10917, 10922, 10947]"
30123,"[10900, 10901, 10902, 10905, 10907, 10920, 10924, 10946]"
30124,[10923]
30125,[10921]
30126,"[11113, 11117, 11121, 11146, 11221, 11225, 11227, 11237]"
30127,"[11123, 11144, 11145, 11146, 11223, 11231, 11235]"
30128,"[11112, 11114, 11120, 11124, 11130, 11132, 11140, 11141, 11142, 11143, 11216, 11220, 11224, 11232, 11234, 11245, 11247]"
30129,"[11100, 11102, 11105, 11107, 11116, 11122, 11125, 11126, 11133, 11134, 11135, 11137, 11200, 11201, 11202, 11203, 11204, 11205, 11206, 11207, 11210, 11212, 11213, 11214, 11215, 11217, 11226, 11230, 11236, 11240, 11242, 11300, 11302, 11305, 11307]"
30233,[11136]
30131,"[11101, 11103, 11104, 11106, 11127]"
30132,"[10401, 10403, 10411, 10413, 10415, 10445, 10447]"
30133,"[10405, 10407, 10414, 10431, 10440, 10441, 10442, 10443, 10444, 10446]"
30134,"[10404, 10412, 10416, 10421, 10433, 10434, 10435, 10437]"
30135,"[10402, 10423, 10424, 10427, 10436]"
30136,"[10914, 10916, 10941]"
30137,"[10910, 10912, 10913, 10915, 10925, 10930, 10931, 10932, 10933, 10934, 10935, 10936, 10937]"
30138,"[10903, 10904, 10906, 10911, 10917, 10922, 10947]"
30139,"[10900, 10901, 10902, 10905, 10907, 10920, 10924, 10946]"
30140,[10923]
30141,[10921]
30142,"[11113, 11117, 11121, 11146, 11221, 11225, 11227, 11237]"
30143,"[11123, 11144, 11145, 11146, 11223, 11231, 11235]"
30144,"[11112, 11114, 11120, 11124, 11130, 11132, 11140, 11141, 11142, 11143, 11216, 11220, 11224, 11232, 11234, 11245, 11247]"
30145,"[11100, 11102, 11105, 11107, 11116, 11122, 11125, 11126, 11133, 11134, 11135, 11137, 11200, 11201, 11202, 11203, 11204, 11205, 11206, 11207, 11210, 11212, 11213, 11214, 11215, 11217, 11226, 11230, 11236, 11240, 11242, 11300, 11302, 11305, 11307]"
30234,[11136]
30147,"[11101, 11103, 11104, 11106, 11127]"
30148,"[10401, 10403, 10411, 10413, 10415, 10445, 10447]"
30149,"[10405, 10407, 10414, 10431, 10440, 10441, 10442, 10443, 10444, 10446]"
30150,"[10404, 10412, 10416, 10421, 10433, 10434, 10435, 10437]"
30151,"[10402, 10423, 10424, 10427, 10436]"
30152,"[10914, 10916, 10941]"
30153,"[10910, 10912, 10913, 10915, 10925, 10930, 10931, 10932, 10933, 10934, 10935, 10936, 10937]"
30154,"[10903, 10904, 10906, 10911, 10917, 10922, 10947]"
30155,"[10900, 10901, 10902, 10905, 10907, 10920, 10924, 10946]"
30156,[10923]
30157,[10921]
30158,"[11113, 11117, 11121, 11146, 11221, 11225, 11227, 11237]"
30159,"[11123, 11144, 11145, 11146, 11223, 11231, 11235]"
30160,"[11112, 11114, 11120, 11124, 11130, 11132, 11140, 11141, 11142, 11143, 11216, 11220, 11224, 11232, 11234, 11245, 11247]"
30161,"[11100, 11102, 11105, 11107, 11116, 11122, 11125, 11126, 11133, 11134, 11135, 11137, 11200, 11201, 11202, 11203, 11204, 11205, 11206, 11207, 11210, 11212, 11213, 11214, 11215, 11217, 11226, 11230, 11236, 11240, 11242, 11300, 11302, 11305, 11307]"
30236,[11136]
30163,"[11101, 11103, 11104, 11106, 11127]"
30164,"[10401, 10403, 10411, 10413, 10415, 10445, 10447]"
30165,"[10405, 10407, 10414, 10431, 10440, 10441, 10442, 10443, 10444, 10446]"
30166,"[10404, 10412, 10416, 10421, 10433, 10434, 10435, 10437]"
30167,"[10402, 10423, 10424, 10427, 10436]"
30168,"[10914, 10916, 10941]"
30169,"[10910, 10912, 10913, 10915, 10925, 10930, 10931, 10932, 10933, 10934, 10935, 10936, 10937]"
30170,"[10903, 10904, 10906, 10911, 10917, 10922, 10947]"
30171,"[10900, 10901, 10902, 10905, 10907, 10920, 10924, 10946]"
30172,[10923]
30173,[10921]
30174,"[11113, 11117, 11121, 11146, 11221, 11225, 11227, 11237]"
30175,"[11123, 11144, 11145, 11146, 11223, 11231, 11235]"
30176,"[11112, 11114, 11120, 11124, 11130, 11132, 11140, 11141, 11142, 11143, 11216, 11220, 11224, 11232, 11234, 11245, 11247]"
30177,"[11100, 11102, 11105, 11107, 11116, 11122, 11125, 11126, 11133, 11134, 11135, 11137, 11200, 11201, 11202, 11203, 11204, 11205, 11206, 11207, 11210, 11212, 11213, 11214, 11215, 11217, 11226, 11230, 11236, 11240, 11242, 11300, 11302, 11305, 11307]"
30238,[11136]
30179,"[11101, 11103, 11104, 11106, 11127]"
30239,"[10401, 10403, 10411, 10413, 10415, 10445, 10447, 10914, 10916, 10941]"
30240,"[10405, 10407, 10414, 10431, 10440, 10441, 10442, 10443, 10444, 10446, 10910, 10912, 10913, 10915, 10925, 10930, 10931, 10932, 10933, 10934, 10935, 10936, 10937]"
30241,"[10404, 10412, 10416, 10421, 10433, 10434, 10435, 10437, 10903, 10904, 10906, 10911, 10917, 10922, 10947]"
30242,"[10402, 10423, 10424, 10427, 10436, 10900, 10901, 10902, 10905, 10907, 10920, 10924, 10946]"
30243,"[10400, 10406, 10425, 10426, 10923]"
30245,"[10420, 10422, 10921]"
30248,"[11113, 11117, 11121, 11146, 11221, 11225, 11227, 11237]"
30250,"[11123, 11144, 11145, 11146, 11223, 11231, 11235]"
30252,"[11112, 11114, 11120, 11124, 11130, 11132, 11140, 11141, 11142, 11143, 11216, 11220, 11224, 11232, 11234, 11245, 11247]"
30254,"[11100, 11102, 11105, 11107, 11116, 11122, 11125, 11126, 11133, 11134, 11135, 11137, 11200, 11201, 11202, 11203, 11204, 11205, 11206, 11207, 11210, 11212, 11213, 11214, 11215, 11217, 11226, 11230, 11236, 11240, 11242, 11300, 11302, 11305, 11307]"
30256,[11136]
30259,"[11101, 11103, 11104, 11106, 11127]"
30261,"[10401, 10403, 10411, 10413, 10415, 10445, 10447, 10914, 10916, 10941]"
30263,"[10405, 10407, 10414, 10431, 10440, 10441, 10442, 10443, 10444, 10446, 10910, 10912, 10913, 10915, 10925, 10930, 10931, 10932, 10933, 10934, 10935, 10936, 10937]"
30265,"[10404, 10412, 10416, 10421, 10433, 10434, 10435, 10437, 10903, 10904, 10906, 10911, 10917, 10922, 10947]"
30268,"[10402, 10423, 10424, 10427, 10436, 10900, 10901, 10902, 10905, 10907, 10920, 10924, 10946]"
30270,"[10400, 10406, 10425, 10426, 10923]"
30272,"[10420, 10422, 10921]"
30274,"[11113, 11117, 11121, 11146, 11221, 11225, 11227, 11237]"
30276,"[11123, 11144, 11145, 11146, 11223, 11231, 11235]"
30279,"[11112, 11114, 11120, 11124, 11130, 11132, 11140, 11141, 11142, 11143, 11216, 11220, 11224, 11232, 11234, 11245, 11247]"
30281,"[11100, 11102, 11105, 11107, 11116, 11122, 11125, 11126, 11133, 11134, 11135, 11137, 11200, 11201, 11202, 11203, 11204, 11205, 11206, 11207, 11210, 11212, 11213, 11214, 11215, 11217, 11226, 11230, 11236, 11240, 11242, 11300, 11302, 11305, 11307]"
30283,[11136]
30285,"[11101, 11103, 11104, 11106, 11127]"
30288,"[10401, 10403, 10411, 10413, 10415, 10445, 10447, 10914, 10916, 10941]"
30290,"[10405, 10407, 10414, 10431, 10440, 10441, 10442, 10443, 10444, 10446, 10910, 10912, 10913, 10915, 10925, 10930, 10931, 10932, 10933, 10934, 10935, 10936, 10937]"
30291,"[10404, 10412, 10416, 10421, 10433, 10434, 10435, 10437, 10903, 10904, 10906, 10911, 10917, 10922, 10947]"
30292,"[10402, 10423, 10424, 10427, 10436, 10900, 10901, 10902, 10905, 10907, 10920, 10924, 10946]"
30293,"[10400, 10406, 10425, 10426, 10923]"
30294,"[10420, 10422, 10921]"
30295,"[11113, 11117, 11121, 11146, 11221, 11225, 11227, 11237]"
30296,"[11123, 11144, 11145, 11146, 11223, 11231, 11235]"
30297,"[11112, 11114, 11120, 11124, 11130, 11132, 11140, 11141, 11142, 11143, 11216, 11220, 11224, 11232, 11234, 11245, 11247]"
30298,"[11100, 11102, 11105, 11107, 11116, 11122, 11125, 11126, 11133, 11134, 11135, 11137, 11200, 11201, 11202, 11203, 11204, 11205, 11206, 11207, 11210, 11212, 11213, 11214, 11215, 11217, 11226, 11230, 11236, 11240, 11242, 11300, 11302, 11305, 11307]"
30299,[11136]
30300,"[11101, 11103, 11104, 11106, 11127]"
30301,"[10401, 10403, 10411, 10413, 10415, 10445, 10447, 10914, 10916, 10941]"
30302,"[10405, 10407, 10414, 10431, 10440, 10441, 10442, 10443, 10444, 10446, 10910, 10912, 10913, 10915, 10925, 10930, 10931, 10932, 10933, 10934, 10935, 10936, 10937]"
30303,"[10404, 10412, 10416, 10421, 10433, 10434, 10435, 10437, 10903, 10904, 10906, 10911, 10917, 10922, 10947]"
30304,"[10402, 10423, 10424, 10427, 10436, 10900, 10901, 10902, 10905, 10907, 10920, 10924, 10946]"
30305,"[10400, 10406, 10425, 10426, 10923]"
30306,"[10420, 10422, 10921]"
30307,"[11113, 11117, 11121, 11146, 11221, 11225, 11227, 11237]"
30308,"[11123, 11144, 11145, 11146, 11223, 11231, 11235]"
30309,"[11112, 11114, 11120, 11124, 11130, 11132, 11140, 11141, 11142, 11143, 11216, 11220, 11224, 11232, 11234, 11245, 11247]"
30310,"[11100, 11102, 11105, 11107, 11116, 11122, 11125, 11126, 11133, 11134, 11135, 11137, 11200, 11201, 11202, 11203, 11204, 11205, 11206, 11207, 11210, 11212, 11213, 11214, 11215, 11217, 11226, 11230, 11236, 11240, 11242, 11300, 11302, 11305, 11307]"
30311,[11136]
30312,"[11101, 11103, 11104, 11106, 11127]"
30313,"[10401, 10403, 10411, 10413, 10415, 10445, 10447, 10914, 10916, 10941]"
30314,"[10405, 10407, 10414, 10431, 10440, 10441, 10442, 10443, 10444, 10446, 10910, 10912, 10913, 10915, 10925, 10930, 10931, 10932, 10933, 10934, 10935, 10936, 10937]"
30315,"[10404, 10412, 10416, 10421, 10433, 10434, 10435, 10437, 10903, 10904, 10906, 10911, 10917, 10922, 10947]"
30316,"[10402, 10423, 10424, 10427, 10436, 10900, 10901, 10902, 10905, 10907, 10920, 10924, 10946]"
30317,"[10400, 10406, 10425, 10426, 10923]"
30318,"[10420, 10422, 10921]"
30319,"[11113, 11117, 11121, 11146, 11221, 11225, 11227, 11237]"
30320,"[11123, 11144, 11145, 11146, 11223, 11231, 11235]"
30321,"[11112, 11114, 11120, 11124, 11130, 11132, 11140, 11141, 11142, 11143, 11216, 11220, 11224, 11232, 11234, 11245, 11247]"
30322,"[11100, 11102, 11105, 11107, 11116, 11122, 11125, 11126, 11133, 11134, 11135, 11137, 11200, 11201, 11202, 11203, 11204, 11205, 11206, 11207, 11210, 11212, 11213, 11214, 11215, 11217, 11226, 11230, 11236, 11240, 11242, 11300, 11302, 11305, 11307]"
30323,[11136]
30324,"[11101, 11103, 11104, 11106, 11127]"
30325,"[10401, 10403, 10411, 10413, 10415, 10445, 10447, 10914, 10916, 10941]"
30326,"[10405, 10407, 10414, 10431, 10440, 10441, 10442, 10443, 10444, 10446, 10910, 10912, 10913, 10915, 10925, 10930, 10931, 10932, 10933, 10934, 10935, 10936, 10937]"
30327,"[10404, 10412, 10416, 10421, 10433, 10434, 10435, 10437, 10903, 10904, 10906, 10911, 10917, 10922, 10947]"
30328,"[10402, 10423, 10424, 10427, 10436, 10900, 10901, 10902, 10905, 10907, 10920, 10924, 10946]"
30331,"[10400, 10406, 10425, 10426, 10923]"
30333,"[10420, 10422, 10921]"
30335,"[11113, 11117, 11121, 11146, 11221, 11225, 11227, 11237]"
30337,"[11123, 11144, 11145, 11146, 11223, 11231, 11235]"
30339,"[11112, 11114, 11120, 11124, 11130, 11132, 11140, 11141, 11142, 11143, 11216, 11220, 11224, 11232, 11234, 11245, 11247]"
30342,"[11100, 11102, 11105, 11107, 11116, 11122, 11125, 11126, 11133, 11134, 11135, 11137, 11200, 11201, 11202, 11203, 11204, 11205, 11206, 11207, 11210, 11212, 11213, 11214, 11215, 11217, 11226, 11230, 11236, 11240, 11242, 11300, 11302, 11305, 11307]"
30344,[11136]
30346,"[11101, 11103, 11104, 11106, 11127]"
30348,"[10401, 10403, 10411, 10413, 10415, 10445, 10447, 10914, 10916, 10941]"
30350,"[10405, 10407, 10414, 10431, 10440, 10441, 10442, 10443, 10444, 10446, 10910, 10912, 10913, 10915, 10925, 10930, 10931, 10932, 10933, 10934, 10935, 10936, 10937]"
30352,"[10404, 10412, 10416, 10421, 10433, 10434, 10435, 10437, 10903, 10904, 10906, 10911, 10917, 10922, 10947]"
30355,"[10402, 10423, 10424, 10427, 10436, 10900, 10901, 10902, 10905, 10907, 10920, 10924, 10946]"
30357,"[10400, 10406, 10425, 10426, 10923]"
30359,"[10420, 10422, 10921]"
30361,"[11113, 11117, 11121, 11146, 11221, 11225, 11227, 11237]"
30363,"[11123, 11144, 11145, 11146, 11223, 11231, 11235]"
30366,"[11112, 11114, 11120, 11124, 11130, 11132, 11140, 11141, 11142, 11143, 11216, 11220, 11224, 11232, 11234, 11245, 11247]"
30368,"[11100, 11102, 11105, 11107, 11116, 11122, 11125, 11126, 11133, 11134, 11135, 11137, 11200, 11201, 11202, 11203, 11204, 11205, 11206, 11207, 11210, 11212, 11213, 11214, 11215, 11217, 11226, 11230, 11236, 11240, 11242, 11300, 11302, 11305, 11307]"
30370,[11136]
30372,"[11101, 11103, 11104, 11106, 11127]"
30375,"[10401, 10403, 10411, 10413, 10415, 10445, 10447, 10914, 10916, 10941]"
30377,"[10405, 10407, 10414, 10431, 10440, 10441, 10442, 10443, 10444, 10446, 10910, 10912, 10913, 10915, 10925, 10930, 10931, 10932, 10933, 10934, 10935, 10936, 10937]"
30379,"[10404, 10412, 10416, 10421, 10433, 10434, 10435, 10437, 10903, 10904, 10906, 10911, 10917, 10922, 10947]"
30381,"[10402, 10423, 10424, 10427, 10436, 10900, 10901, 10902, 10905, 10907, 10920, 10924, 10946]"
30384,"[10400, 10406, 10425, 10426, 10923]"
30386,"[10420, 10422, 10921]"
30388,"[11113, 11117, 11121, 11146, 11221, 11225, 11227, 11237]"
30390,"[11123, 11144, 11145, 11146, 11223, 11231, 11235]"
30392,"[11112, 11114, 11120, 11124, 11130, 11132, 11140, 11141, 11142, 11143, 11216, 11220, 11224, 11232, 11234, 11245, 11247]"
30395,"[11100, 11102, 11105, 11107, 11116, 11122, 11125, 11126, 11133, 11134, 11135, 11137, 11200, 11201, 11202, 11203, 11204, 11205, 11206, 11207, 11210, 11212, 11213, 11214, 11215, 11217, 11226, 11230, 11236, 11240, 11242, 11300, 11302, 11305, 11307]"
30397,[11136]
30399,"[11101, 11103, 11104, 11106, 11127]"
30401,"[10401, 10403, 10411, 10413, 10415, 10445, 10447, 10914, 10916, 10941]"
30403,"[10405, 10407, 10414, 10431, 10440, 10441, 10442, 10443, 10444, 10446, 10910, 10912, 10913, 10915, 10925, 10930, 10931, 10932, 10933, 10934, 10935, 10936, 10937]"
30406,"[10404, 10412, 10416, 10421, 10433, 10434, 10435, 10437, 10903, 10904, 10906, 10911, 10917, 10922, 10947]"
30408,"[10402, 10423, 10424, 10427, 10436, 10900, 10901, 10902, 10905, 10907, 10920, 10924, 10946]"
30410,"[10400, 10406, 10425, 10426, 10923]"
30412,"[10420, 10422, 10921]"
30415,"[11113, 11117, 11121, 11146, 11221, 11225, 11227, 11237]"
30417,"[11123, 11144, 11145, 11146, 11223, 11231, 11235]"
30419,"[11112, 11114, 11120, 11124, 11130, 11132, 11140, 11141, 11142, 11143, 11216, 11220, 11224, 11232, 11234, 11245, 11247]"
30422,"[11100, 11102, 11105, 11107, 11116, 11122, 11125, 11126, 11133, 11134, 11135, 11137, 11200, 11201, 11202, 11203, 11204, 11205, 11206, 11207, 11210, 11212, 11213, 11214, 11215, 11217, 11226, 11230, 11236, 11240, 11242, 11300, 11302, 11305, 11307]"
30424,[11136]
30427,"[11101, 11103, 11104, 11106, 11127]"
30429,"[10401, 10403, 10411, 10413, 10415, 10445, 10447, 10914, 10916, 10941]"
30431,"[10405, 10407, 10414, 10431, 10440, 10441, 10442, 10443, 10444, 10446, 10910, 10912, 10913, 10915, 10925, 10930, 10931, 10932, 10933, 10934, 10935, 10936, 10937]"
30433,"[10404, 10412, 10416, 10421, 10433, 10434, 10435, 10437, 10903, 10904, 10906, 10911, 10917, 10922, 10947]"
30436,"[10402, 10423, 10424, 10427, 10436, 10900, 10901, 10902, 10905, 10907, 10920, 10924, 10946]"
30438,"[10400, 10406, 10425, 10426, 10923]"
30440,"[10420, 10422, 10921]"
30442,"[11113, 11117, 11121, 11146, 11221, 11225, 11227, 11237]"
30444,"[11123, 11144, 11145, 11146, 11223, 11231, 11235]"
30447,"[11112, 11114, 11120, 11124, 11130, 11132, 11140, 11141, 11142, 11143, 11216, 11220, 11224, 11232, 11234, 11245, 11247]"
30449,"[11100, 11102, 11105, 11107, 11116, 11122, 11125, 11126, 11133, 11134, 11135, 11137, 11200, 11201, 11202, 11203, 11204, 11205, 11206, 11207, 11210, 11212, 11213, 11214, 11215, 11217, 11226, 11230, 11236, 11240, 11242, 11300, 11302, 11305, 11307]"
30451,[11136]
30453,"[11101, 11103, 11104, 11106, 11127]"
30456,"[10401, 10403, 10411, 10413, 10415, 10445, 10447, 10914, 10916, 10941]"
30458,"[10405, 10407, 10414, 10431, 10440, 10441, 10442, 10443, 10444, 10446, 10910, 10912, 10913, 10915, 10925, 10930, 10931, 10932, 10933, 10934, 10935, 10936, 10937]"
30460,"[10404, 10412, 10416, 10421, 10433, 10434, 10435, 10437, 10903, 10904, 10906, 10911, 10917, 10922, 10947]"
30462,"[10402, 10423, 10424, 10427, 10436, 10900, 10901, 10902, 10905, 10907, 10920, 10924, 10946]"
30465,"[10400, 10406, 10425, 10426, 10923]"
30467,"[10420, 10422, 10921]"
30469,"[11113, 11117, 11121, 11146, 11221, 11225, 11227, 11237]"
30471,"[11123, 11144, 11145, 11146, 11223, 11231, 11235]"
30473,"[11112, 11114, 11120, 11124, 11130, 11132, 11140, 11141, 11142, 11143, 11216, 11220, 11224, 11232, 11234, 11245, 11247]"
30476,"[11100, 11102, 11105, 11107, 11116, 11122, 11125, 11126, 11133, 11134, 11135, 11137, 11200, 11201, 11202, 11203, 11204, 11205, 11206, 11207, 11210, 11212, 11213, 11214, 11215, 11217, 11226, 11230, 11236, 11240, 11242, 11300, 11302, 11305, 11307]"
30478,[11136]
30480,"[11101, 11103, 11104, 11106, 11127]"
30482,"[10401, 10403, 10411, 10413, 10415, 10445, 10447, 10914, 10916, 10941]"
30485,"[10405, 10407, 10414, 10431, 10440, 10441, 10442, 10443, 10444, 10446, 10910, 10912, 10913, 10915, 10925, 10930, 10931, 10932, 10933, 10934, 10935, 10936, 10937]"
30487,"[10404, 10412, 10416, 10421, 10433, 10434, 10435, 10437, 10903, 10904, 10906, 10911, 10917, 10922, 10947]"
30489,"[10402, 10423, 10424, 10427, 10436, 10900, 10901, 10902, 10905, 10907, 10920, 10924, 10946]"
30491,"[10400, 10406, 10425, 10426, 10923]"
30493,"[10420, 10422, 10921]"
30496,"[11113, 11117, 11121, 11146, 11221, 11225, 11227, 11237]"
30498,"[11123, 11144, 11145, 11146, 11223, 11231, 11235]"
30500,"[11112, 11114, 11120, 11124, 11130, 11132, 11140, 11141, 11142, 11143, 11216, 11220, 11224, 11232, 11234, 11245, 11247]"
30502,"[11100, 11102, 11105, 11107, 11116, 11122, 11125, 11126, 11133, 11134, 11135, 11137, 11200, 11201, 11202, 11203, 11204, 11205, 11206, 11207, 11210, 11212, 11213, 11214, 11215, 11217, 11226, 11230, 11236, 11240, 11242, 11300, 11302, 11305, 11307]"
30504,[11136]
30508,"[11101, 11103, 11104, 11106, 11127]"
30510,"[10401, 10403, 10411, 10413, 10415, 10445, 10447, 10914, 10916, 10941]"
30512,"[10405, 10407, 10414, 10431, 10440, 10441, 10442, 10443, 10444, 10446, 10910, 10912, 10913, 10915, 10925, 10930, 10931, 10932, 10933, 10934, 10935, 10936, 10937]"
30514,"[10404, 10412, 10416, 10421, 10433, 10434, 10435, 10437, 10903, 10904, 10906, 10911, 10917, 10922, 10947]"
30517,"[10402, 10423, 10424, 10427, 10436, 10900, 10901, 10902, 10905, 10907, 10920, 10924, 10946]"
30519,"[10400, 10406, 10425, 10426, 10923]"
30521,"[10420, 10422, 10921]"
30523,"[11113, 11117, 11121, 11146, 11221, 11225, 11227, 11237]"
30525,"[11123, 11144, 11145, 11146, 11223, 11231, 11235]"
30528,"[11112, 11114, 11120, 11124, 11130, 11132, 11140, 11141, 11142, 11143, 11216, 11220, 11224, 11232, 11234, 11245, 11247]"
30530,"[11100, 11102, 11105, 11107, 11116, 11122, 11125, 11126, 11133, 11134, 11135, 11137, 11200, 11201, 11202, 11203, 11204, 11205, 11206, 11207, 11210, 11212, 11213, 11214, 11215, 11217, 11226, 11230, 11236, 11240, 11242, 11300, 11302, 11305, 11307]"
30532,[11136]
30534,"[11101, 11103, 11104, 11106, 11127]"
30536,"[10401, 10403, 10411, 10413, 10415, 10445, 10447, 10914, 10916, 10941]"
30539,"[10405, 10407, 10414, 10431, 10440, 10441, 10442, 10443, 10444, 10446, 10910, 10912, 10913, 10915, 10925, 10930, 10931, 10932, 10933, 10934, 10935, 10936, 10937]"
30541,"[10404, 10412, 10416, 10421, 10433, 10434, 10435, 10437, 10903, 10904, 10906, 10911, 10917, 10922, 10947]"
30543,"[10402, 10423, 10424, 10427, 10436, 10900, 10901, 10902, 10905, 10907, 10920, 10924, 10946]"
30545,"[10400, 10406, 10425, 10426, 10923]"
30547,"[10420, 10422, 10921]"
30550,"[11113, 11117, 11121, 11146, 11221, 11225, 11227, 11237]"
30552,"[11123, 11144, 11145, 11146, 11223, 11231, 11235]"
30554,"[11112, 11114, 11120, 11124, 11130, 11132, 11140, 11141, 11142, 11143, 11216, 11220, 11224, 11232, 11234, 11245, 11247]"
30556,"[11100, 11102, 11105, 11107, 11116, 11122, 11125, 11126, 11133, 11134, 11135, 11137, 11200, 11201, 11202, 11203, 11204, 11205, 11206, 11207, 11210, 11212, 11213, 11214, 11215, 11217, 11226, 11230, 11236, 11240, 11242, 11300, 11302, 11305, 11307]"
30558,[11136]
30561,"[11101, 11103, 11104, 11106, 11127]"
30563,"[10401, 10403, 10411, 10413, 10415, 10445, 10447, 10914, 10916, 10941]"
30565,"[10405, 10407, 10414, 10431, 10440, 10441, 10442, 10443, 10444, 10446, 10910, 10912, 10913, 10915, 10925, 10930, 10931, 10932, 10933, 10934, 10935, 10936, 10937]"
30567,"[10404, 10412, 10416, 10421, 10433, 10434, 10435, 10437, 10903, 10904, 10906, 10911, 10917, 10922, 10947]"
30570,"[10402, 10423, 10424, 10427, 10436, 10900, 10901, 10902, 10905, 10907, 10920, 10924, 10946]"
30572,"[10400, 10406, 10425, 10426, 10923]"
30574,"[10420, 10422, 10921]"
30576,"[11113, 11117, 11121, 11146, 11221, 11225, 11227, 11237]"
30579,"[11123, 11144, 11145, 11146, 11223, 11231, 11235]"
30582,"[11112, 11114, 11120, 11124, 11130, 11132, 11140, 11141, 11142, 11143, 11216, 11220, 11224, 11232, 11234, 11245, 11247]"
30584,"[11100, 11102, 11105, 11107, 11116, 11122, 11125, 11126, 11133, 11134, 11135, 11137, 11200, 11201, 11202, 11203, 11204, 11205, 11206, 11207, 11210, 11212, 11213, 11214, 11215, 11217, 11226, 11230, 11236, 11240, 11242, 11300, 11302, 11305, 11307]"
30586,[11136]
30588,"[11101, 11103, 11104, 11106, 11127]"
30591,"[10401, 10403, 10411, 10413, 10415, 10445, 10447, 10914, 10916, 10941]"
30593,"[10405, 10407, 10414, 10431, 10440, 10441, 10442, 10443, 10444, 10446, 10910, 10912, 10913, 10915, 10925, 10930, 10931, 10932, 10933, 10934, 10935, 10936, 10937]"
30595,"[10404, 10412, 10416, 10421, 10433, 10434, 10435, 10437, 10903, 10904, 10906, 10911, 10917, 10922, 10947]"
30597,"[10402, 10423, 10424, 10427, 10436, 10900, 10901, 10902, 10905, 10907, 10920, 10924, 10946]"
30599,"[10400, 10406, 10425, 10426, 10923]"
30602,"[10420, 10422, 10921]"
30604,"[11113, 11117, 11121, 11146, 11221, 11225, 11227, 11237]"
30606,"[11123, 11144, 11145, 11146, 11223, 11231, 11235]"
30608,"[11112, 11114, 11120, 11124, 11130, 11132, 11140, 11141, 11142, 11143, 11216, 11220, 11224, 11232, 11234, 11245, 11247]"
30611,"[11100, 11102, 11105, 11107, 11116, 11122, 11125, 11126, 11133, 11134, 11135, 11137, 11200, 11201, 11202, 11203, 11204, 11205, 11206, 11207, 11210, 11212, 11213, 11214, 11215, 11217, 11226, 11230, 11236, 11240, 11242, 11300, 11302, 11305, 11307]"
30614,[11136]
30616,"[11101, 11103, 11104, 11106, 11127]"
30618,"[10401, 10403, 10411, 10413, 10415, 10445, 10447, 10914, 10916, 10941]"
30620,"[10405, 10407, 10414, 10431, 10440, 10441, 10442, 10443, 10444, 10446, 10910, 10912, 10913, 10915, 10925, 10930, 10931, 10932, 10933, 10934, 10935, 10936, 10937]"
30623,"[10404, 10412, 10416, 10421, 10433, 10434, 10435, 10437, 10903, 10904, 10906, 10911, 10917, 10922, 10947]"
30625,"[10402, 10423, 10424, 10427, 10436, 10900, 10901, 10902, 10905, 10907, 10920, 10924, 10946]"
30627,"[10400, 10406, 10425, 10426, 10923]"
30629,"[10420, 10422, 10921]"
30631,"[11113, 11117, 11121, 11146, 11221, 11225, 11227, 11237]"
30634,"[11123, 11144, 11145, 11146, 11223, 11231, 11235]"
30636,"[11112, 11114, 11120, 11124, 11130, 11132, 11140, 11141, 11142, 11143, 11216, 11220, 11224, 11232, 11234, 11245, 11247]"
30638,"[11100, 11102, 11105, 11107, 11116, 11122, 11125, 11126, 11133, 11134, 11135, 11137, 11200, 11201, 11202, 11203, 11204, 11205, 11206, 11207, 11210, 11212, 11213, 11214, 11215, 11217, 11226, 11230, 11236, 11240, 11242, 11300, 11302, 11305, 11307]"
30640,[11136]
30642,"[11101, 11103, 11104, 11106, 11127]"
30645,"[10401, 10403, 10411, 10413, 10415, 10445, 10447, 10914, 10916, 10941]"
30647,"[10405, 10407, 10414, 10431, 10440, 10441, 10442, 10443, 10444, 10446, 10910, 10912, 10913, 10915, 10925, 10930, 10931, 10932, 10933, 10934, 10935, 10936, 10937]"
30649,"[10404, 10412, 10416, 10421, 10433, 10434, 10435, 10437, 10903, 10904, 10906, 10911, 10917, 10922, 10947]"
30651,"[10402, 10423, 10424, 10427, 10436, 10900, 10901, 10902, 10905, 10907, 10920, 10924, 10946]"
30656,"[10420, 10422, 10921]"
30658,"[11113, 11117, 11121, 11146, 11221, 11225, 11227, 11237]"
30662,"[11123, 11144, 11145, 11146, 11223, 11231, 11235]"
30664,"[11112, 11114, 11120, 11124, 11130, 11132, 11140, 11141, 11142, 11143, 11216, 11220, 11224, 11232, 11234, 11245, 11247]"
30666,"[11100, 11102, 11105, 11107, 11116, 11122, 11125, 11126, 11133, 11134, 11135, 11137, 11200, 11201, 11202, 11203, 11204, 11205, 11206, 11207, 11210, 11212, 11213, 11214, 11215, 11217, 11226, 11230, 11236, 11240, 11242, 11300, 11302, 11305, 11307]"
30668,[11136]
30670,"[11101, 11103, 11104, 11106, 11127]"
30673,"[10401, 10403, 10411, 10413, 10415, 10445, 10447, 10914, 10916, 10941]"
30675,"[10405, 10407, 10414, 10431, 10440, 10441, 10442, 10443, 10444, 10446, 10910, 10912, 10913, 10915, 10925, 10930, 10931, 10932, 10933, 10934, 10935, 10936, 10937]"
30677,"[10404, 10412, 10416, 10421, 10433, 10434, 10435, 10437, 10903, 10904, 10906, 10911, 10917, 10922, 10947]"
30379,"[10402, 10423, 10424, 10427, 10436, 10900, 10901, 10902, 10905, 10907, 10920, 10924, 10946]"
30682,"[10400, 10406, 10425, 10426, 10923]"
30684,"[10420, 10422, 10921]"
30686,"[11113, 11117, 11121, 11146, 11221, 11225, 11227, 11237]"
30688,"[11123, 11144, 11145, 11146, 11223, 11231, 11235]"
30691,"[11112, 11114, 11120, 11124, 11130, 11132, 11140, 11141, 11142, 11143, 11216, 11220, 11224, 11232, 11234, 11245, 11247]"
30694,"[11100, 11102, 11105, 11107, 11116, 11122, 11125, 11126, 11133, 11134, 11135, 11137, 11200, 11201, 11202, 11203, 11204, 11205, 11206, 11207, 11210, 11212, 11213, 11214, 11215, 11217, 11226, 11230, 11236, 11240, 11242, 11300, 11302, 11305, 11307]"
30696,[11136]
30698,"[11101, 11103, 11104, 11106, 11127]"
30700,"[10401, 10403, 10411, 10413, 10415, 10445, 10447, 10914, 10916, 10941]"
30703,"[10405, 10407, 10414, 10431, 10440, 10441, 10442, 10443, 10444, 10446, 10910, 10912, 10913, 10915, 10925, 10930, 10931, 10932, 10933, 10934, 10935, 10936, 10937]"
30705,"[10404, 10412, 10416, 10421, 10433, 10434, 10435, 10437, 10903, 10904, 10906, 10911, 10917, 10922, 10947]"
30707,"[10402, 10423, 10424, 10427, 10436, 10900, 10901, 10902, 10905, 10907, 10920, 10924, 10946]"
30709,"[10400, 10406, 10425, 10426, 10923]"
30711,"[10420, 10422, 10921]"
30714,"[11113, 11117, 11121, 11146, 11221, 11225, 11227, 11237]"
30716,"[11123, 11144, 11145, 11146, 11223, 11231, 11235]"
30718,"[11112, 11114, 11120, 11124, 11130, 11132, 11140, 11141, 11142, 11143, 11216, 11220, 11224, 11232, 11234, 11245, 11247]"
30720,"[11100, 11102, 11105, 11107, 11116, 11122, 11125, 11126, 11133, 11134, 11135, 11137, 11200, 11201, 11202, 11203, 11204, 11205, 11206, 11207, 11210, 11212, 11213, 11214, 11215, 11217, 11226, 11230, 11236, 11240, 11242, 11300, 11302, 11305, 11307]"
30722,[11136]
30724,"[11101, 11103, 11104, 11106, 11127]"
30727,"[10401, 10403, 10411, 10413, 10415, 10445, 10447, 10914, 10916, 10941]"
30729,"[10405, 10407, 10414, 10431, 10440, 10441, 10442, 10443, 10444, 10446, 10910, 10912, 10913, 10915, 10925, 10930, 10931, 10932, 10933, 10934, 10935, 10936, 10937]"
30731,"[10404, 10412, 10416, 10421, 10433, 10434, 10435, 10437, 10903, 10904, 10906, 10911, 10917, 10922, 10947]"
30733,"[10402, 10423, 10424, 10427, 10436, 10900, 10901, 10902, 10905, 10907, 10920, 10924, 10946]"
30736,"[10400, 10406, 10425, 10426, 10923]"
30738,"[10420, 10422, 10921]"
30740,"[11113, 11117, 11121, 11146, 11221, 11225, 11227, 11237]"
30742,"[11123, 11144, 11145, 11146, 11223, 11231, 11235]"
30744,"[11112, 11114, 11120, 11124, 11130, 11132, 11140, 11141, 11142, 11143, 11216, 11220, 11224, 11232, 11234, 11245, 11247]"
30747,"[11100, 11102, 11105, 11107, 11116, 11122, 11125, 11126, 11133, 11134, 11135, 11137, 11200, 11201, 11202, 11203, 11204, 11205, 11206, 11207, 11210, 11212, 11213, 11214, 11215, 11217, 11226, 11230, 11236, 11240, 11242, 11300, 11302, 11305, 11307]"
30749,[11136]
30752,"[11101, 11103, 11104, 11106, 11127]"
30754,"[10401, 10403, 10411, 10413, 10415, 10445, 10447, 10914, 10916, 10941]"
30756,"[10405, 10407, 10414, 10431, 10440, 10441, 10442, 10443, 10444, 10446, 10910, 10912, 10913, 10915, 10925, 10930, 10931, 10932, 10933, 10934, 10935, 10936, 10937]"
30759,"[10404, 10412, 10416, 10421, 10433, 10434, 10435, 10437, 10903, 10904, 10906, 10911, 10917, 10922, 10947]"
30761,"[10402, 10423, 10424, 10427, 10436, 10900, 10901, 10902, 10905, 10907, 10920, 10924, 10946]"
30763,"[10400, 10406, 10425, 10426, 10923]"
30765,"[10420, 10422, 10921]"
30758,"[11113, 11117, 11121, 11146, 11221, 11225, 11227, 11237]"
30770,"[11123, 11144, 11145, 11146, 11223, 11231, 11235]"
30772,"[11112, 11114, 11120, 11124, 11130, 11132, 11140, 11141, 11142, 11143, 11216, 11220, 11224, 11232, 11234, 11245, 11247]"
30774,"[11100, 11102, 11105, 11107, 11116, 11122, 11125, 11126, 11133, 11134, 11135, 11137, 11200, 11201, 11202, 11203, 11204, 11205, 11206, 11207, 11210, 11212, 11213, 11214, 11215, 11217, 11226, 11230, 11236, 11240, 11242, 11300, 11302, 11305, 11307]"
30776,[11136]
30779,"[11101, 11103, 11104, 11106, 11127]"
30781,"[10401, 10403, 10411, 10413, 10415, 10445, 10447, 10914, 10916, 10941]"
30783,"[10405, 10407, 10414, 10431, 10440, 10441, 10442, 10443, 10444, 10446, 10910, 10912, 10913, 10915, 10925, 10930, 10931, 10932, 10933, 10934, 10935, 10936, 10937]"
30785,"[10404, 10412, 10416, 10421, 10433, 10434, 10435, 10437, 10903, 10904, 10906, 10911, 10917, 10922, 10947]"
30787,"[10402, 10423, 10424, 10427, 10436, 10900, 10901, 10902, 10905, 10907, 10920, 10924, 10946]"
30790,"[10400, 10406, 10425, 10426, 10923]"
30792,"[10420, 10422, 10921]"
30794,"[11113, 11117, 11121, 11146, 11221, 11225, 11227, 11237]"
30796,"[11123, 11144, 11145, 11146, 11223, 11231, 11235]"
30798,"[11112, 11114, 11120, 11124, 11130, 11132, 11140, 11141, 11142, 11143, 11216, 11220, 11224, 11232, 11234, 11245, 11247]"
30801,"[11100, 11102, 11105, 11107, 11116, 11122, 11125, 11126, 11133, 11134, 11135, 11137, 11200, 11201, 11202, 11203, 11204, 11205, 11206, 11207, 11210, 11212, 11213, 11214, 11215, 11217, 11226, 11230, 11236, 11240, 11242, 11300, 11302, 11305, 11307]"
30803,[11136]
30805,"[11101, 11103, 11104, 11106, 11127]"
30807,"[10401, 10403, 10411, 10413, 10415, 10445, 10447, 10914, 10916, 10941]"
30810,"[10405, 10407, 10414, 10431, 10440, 10441, 10442, 10443, 10444, 10446, 10910, 10912, 10913, 10915, 10925, 10930, 10931, 10932, 10933, 10934, 10935, 10936, 10937]"
30812,"[10404, 10412, 10416, 10421, 10433, 10434, 10435, 10437, 10903, 10904, 10906, 10911, 10917, 10922, 10947]"
30814,"[10402, 10423, 10424, 10427, 10436, 10900, 10901, 10902, 10905, 10907, 10920, 10924, 10946]"
30816,"[10400, 10406, 10425, 10426, 10923]"
30818,"[10420, 10422, 10921]"
30821,"[11113, 11117, 11121, 11146, 11221, 11225, 11227, 11237]"
30823,"[11123, 11144, 11145, 11146, 11223, 11231, 11235]"
30825,"[11112, 11114, 11120, 11124, 11130, 11132, 11140, 11141, 11142, 11143, 11216, 11220, 11224, 11232, 11234, 11245, 11247]"
30827,"[11100, 11102, 11105, 11107, 11116, 11122, 11125, 11126, 11133, 11134, 11135, 11137, 11200, 11201, 11202, 11203, 11204, 11205, 11206, 11207, 11210, 11212, 11213, 11214, 11215, 11217, 11226, 11230, 11236, 11240, 11242, 11300, 11302, 11305, 11307]"
31040,[11136]
31041,"[11101, 11103, 11104, 11106, 11127]"
30835,"[10401, 10403, 10411, 10413, 10415, 10445, 10447, 10914, 10916, 10941]"
30837,"[10405, 10407, 10414, 10431, 10440, 10441, 10442, 10443, 10444, 10446, 10910, 10912, 10913, 10915, 10925, 10930, 10931, 10932, 10933, 10934, 10935, 10936, 10937]"
30839,"[10404, 10412, 10416, 10421, 10433, 10434, 10435, 10437, 10903, 10904, 10906, 10911, 10917, 10922, 10947]"
30842,"[10402, 10423, 10424, 10427, 10436, 10900, 10901, 10902, 10905, 10907, 10920, 10924, 10946]"
30844,"[10400, 10406, 10425, 10426, 10923]"
30846,"[10420, 10422, 10921]"
31062,"[11113, 11117, 11121, 11146, 11221, 11225, 11227, 11237]"
31063,"[11123, 11144, 11145, 11146, 11223, 11231, 11235]"
31064,"[11112, 11114, 11120, 11124, 11130, 11132, 11140, 11141, 11142, 11143, 11216, 11220, 11224, 11232, 11234, 11245, 11247]"
31067,"[11100, 11102, 11105, 11107, 11116, 11122, 11125, 11126, 11133, 11134, 11135, 11137, 11200, 11201, 11202, 11203, 11204, 11205, 11206, 11207, 11210, 11212, 11213, 11214, 11215, 11217, 11226, 11230, 11236, 11240, 11242, 11300, 11302, 11305, 11307]"
31068,[11136]
31069,"[11101, 11103, 11104, 11106, 11127]"
30862,"[10401, 10403, 10411, 10413, 10415, 10445, 10447, 10914, 10916, 10941]"
30864,"[10405, 10407, 10414, 10431, 10440, 10441, 10442, 10443, 10444, 10446, 10910, 10912, 10913, 10915, 10925, 10930, 10931, 10932, 10933, 10934, 10935, 10936, 10937]"
30866,"[10404, 10412, 10416, 10421, 10433, 10434, 10435, 10437, 10903, 10904, 10906, 10911, 10917, 10922, 10947]"
30868,"[10402, 10423, 10424, 10427, 10436, 10900, 10901, 10902, 10905, 10907, 10920, 10924, 10946]"
30870,"[10400, 10406, 10425, 10426, 10923]"
30873,"[10420, 10422, 10921]"
31070,"[11113, 11117, 11121, 11146, 11221, 11225, 11227, 11237]"
31071,"[11123, 11144, 11145, 11146, 11223, 11231, 11235]"
31072,"[11112, 11114, 11120, 11124, 11130, 11132, 11140, 11141, 11142, 11143, 11216, 11220, 11224, 11232, 11234, 11245, 11247]"
31073,"[11100, 11102, 11105, 11107, 11116, 11122, 11125, 11126, 11133, 11134, 11135, 11137, 11200, 11201, 11202, 11203, 11204, 11205, 11206, 11207, 11210, 11212, 11213, 11214, 11215, 11217, 11226, 11230, 11236, 11240, 11242, 11300, 11302, 11305, 11307]"
31074,[11136]
31075,"[11101, 11103, 11104, 11106, 11127]"
30890,"[10401, 10403, 10411, 10413, 10415, 10445, 10447, 10914, 10916, 10941]"
30892,"[10405, 10407, 10414, 10431, 10440, 10441, 10442, 10443, 10444, 10446, 10910, 10912, 10913, 10915, 10925, 10930, 10931, 10932, 10933, 10934, 10935, 10936, 10937]"
30895,"[10404, 10412, 10416, 10421, 10433, 10434, 10435, 10437, 10903, 10904, 10906, 10911, 10917, 10922, 10947]"
30897,"[10402, 10423, 10424, 10427, 10436, 10900, 10901, 10902, 10905, 10907, 10920, 10924, 10946]"
30899,"[10400, 10406, 10425, 10426, 10923]"
30901,"[10420, 10422, 10921]"
31076,"[11113, 11117, 11121, 11146, 11221, 11225, 11227, 11237]"
31077,"[11123, 11144, 11145, 11146, 11223, 11231, 11235]"
31078,"[11112, 11114, 11120, 11124, 11130, 11132, 11140, 11141, 11142, 11143, 11216, 11220, 11224, 11232, 11234, 11245, 11247]"
31079,"[11100, 11102, 11105, 11107, 11116, 11122, 11125, 11126, 11133, 11134, 11135, 11137, 11200, 11201, 11202, 11203, 11204, 11205, 11206, 11207, 11210, 11212, 11213, 11214, 11215, 11217, 11226, 11230, 11236, 11240, 11242, 11300, 11302, 11305, 11307]"
31080,[11136]
31081,"[11101, 11103, 11104, 11106, 11127]"
30918,"[10401, 10403, 10411, 10413, 10415, 10445, 10447, 10914, 10916, 10941]"
30919,"[10405, 10407, 10414, 10431, 10440, 10441, 10442, 10443, 10444, 10446, 10910, 10912, 10913, 10915, 10925, 10930, 10931, 10932, 10933, 10934, 10935, 10936, 10937]"
30920,"[10404, 10412, 10416, 10421, 10433, 10434, 10435, 10437, 10903, 10904, 10906, 10911, 10917, 10922, 10947]"
30922,"[10402, 10423, 10424, 10427, 10436, 10900, 10901, 10902, 10905, 10907, 10920, 10924, 10946]"
30924,"[10400, 10406, 10425, 10426, 10923]"
30926,"[10420, 10422, 10921]"
31082,"[11113, 11117, 11121, 11146, 11221, 11225, 11227, 11237]"
31083,"[11123, 11144, 11145, 11146, 11223, 11231, 11235]"
31084,"[11112, 11114, 11120, 11124, 11130, 11132, 11140, 11141, 11142, 11143, 11216, 11220, 11224, 11232, 11234, 11245, 11247]"
31085,"[11100, 11102, 11105, 11107, 11116, 11122, 11125, 11126, 11133, 11134, 11135, 11137, 11200, 11201, 11202, 11203, 11204, 11205, 11206, 11207, 11210, 11212, 11213, 11214, 11215, 11217, 11226, 11230, 11236, 11240, 11242, 11300, 11302, 11305, 11307]"
31086,[11136]
31087,"[11101, 11103, 11104, 11106, 11127]"
30943,"[10401, 10403, 10411, 10413, 10415, 10445, 10447, 10914, 10916, 10941]"
30945,"[10405, 10407, 10414, 10431, 10440, 10441, 10442, 10443, 10444, 10446, 10910, 10912, 10913, 10915, 10925, 10930, 10931, 10932, 10933, 10934, 10935, 10936, 10937]"
30948,"[10404, 10412, 10416, 10421, 10433, 10434, 10435, 10437, 10903, 10904, 10906, 10911, 10917, 10922, 10947]"
30950,"[10402, 10423, 10424, 10427, 10436, 10900, 10901, 10902, 10905, 10907, 10920, 10924, 10946]"
30952,"[10400, 10406, 10425, 10426, 10923]"
30954,"[10420, 10422, 10921]"
31088,"[11113, 11117, 11121, 11146, 11221, 11225, 11227, 11237]"
31089,"[11123, 11144, 11145, 11146, 11223, 11231, 11235]"
31090,"[11112, 11114, 11120, 11124, 11130, 11132, 11140, 11141, 11142, 11143, 11216, 11220, 11224, 11232, 11234, 11245, 11247]"
31091,"[11100, 11102, 11105, 11107, 11116, 11122, 11125, 11126, 11133, 11134, 11135, 11137, 11200, 11201, 11202, 11203, 11204, 11205, 11206, 11207, 11210, 11212, 11213, 11214, 11215, 11217, 11226, 11230, 11236, 11240, 11242, 11300, 11302, 11305, 11307]"
31092,[11136]
31093,"[11101, 11103, 11104, 11106, 11127]"
30970,"[10401, 10403, 10411, 10413, 10415, 10445, 10447, 10914, 10916, 10941]"
30971,"[10405, 10407, 10414, 10431, 10440, 10441, 10442, 10443, 10444, 10446, 10910, 10912, 10913, 10915, 10925, 10930, 10931, 10932, 10933, 10934, 10935, 10936, 10937]"
30972,"[10404, 10412, 10416, 10421, 10433, 10434, 10435, 10437, 10903, 10904, 10906, 10911, 10917, 10922, 10947]"
30973,"[10402, 10423, 10424, 10427, 10436, 10900, 10901, 10902, 10905, 10907, 10920, 10924, 10946]"
30974,"[10400, 10406, 10425, 10426, 10923]"
30975,"[10420, 10422, 10921]"
31094,"[11113, 11117, 11121, 11146, 11221, 11225, 11227, 11237]"
31095,"[11123, 11144, 11145, 11146, 11223, 11231, 11235]"
31096,"[11112, 11114, 11120, 11124, 11130, 11132, 11140, 11141, 11142, 11143, 11216, 11220, 11224, 11232, 11234, 11245, 11247]"
31097,"[11100, 11102, 11105, 11107, 11116, 11122, 11125, 11126, 11133, 11134, 11135, 11137, 11200, 11201, 11202, 11203, 11204, 11205, 11206, 11207, 11210, 11212, 11213, 11214, 11215, 11217, 11226, 11230, 11236, 11240, 11242, 11300, 11302, 11305, 11307]"
31098,[11136]
31100,"[11101, 11103, 11104, 11106, 11127]"
