Run,Threshold,PE,MeanTrgPos,ErrMeanTrgPos,SigmaTrg,ErrSigmaTrg,MeanTrgPos2,ErrMeanTrgPos2,SigmaTrg2,ErrSigmaTrg2,FitOK,IntegralTrg
31503,50,0,274.1729021027667,0.9236461895538355,4.999999971730623,0.05361964911097061,-1.3970169068925686,5.152685138835308,0.3752281327114912,2.851170987652424,True,3928.7066055164946
31503,50,1,242.96559244240217,0.039636005680662834,3.7581227722216006,0.03689979755661632,242.96614343985624,0.038425607008477414,4.039205189135512,0.039518579949037846,True,12274.508596399588
31503,50,2,243.0261232317433,0.025784647370130642,2.339656683741133,0.02614386490696674,243.01380350544673,0.025879386332377408,2.537233348069522,0.02918791066089299,True,9926.053739937706
31503,50,3,243.0856429385366,0.02010930642978792,1.7423617660342716,0.020432540674902633,243.1490110342293,0.021549353659352732,1.7310828591689638,0.022892283860019846,True,8629.039136944786
31503,50,4,243.08355858647835,0.017932786368632492,1.4345203967012181,0.017417283408431405,243.11637106737086,0.018330798645322943,1.442334350750292,0.018617024644667746,True,7455.888716300493
31503,50,5,243.0303314451751,0.01645559374101424,1.2375663240395693,0.014556255445693278,243.04650744333904,0.016497979342261715,1.2654217936214467,0.015128503105869329,True,6510.751856619359
31503,50,6,242.982872135742,0.016606077116534834,1.1476660994995278,0.013915852027198583,242.99250200123524,0.016500278830136494,1.179750208413133,0.014370864136748263,True,5405.636849220039
31503,50,7,242.93620086225528,0.01740493404491872,1.0616828248955594,0.014947159847108815,242.9427684521775,0.01728568566306876,1.097317001476933,0.015382151588790416,True,4219.213199955373
31503,50,8,242.93516054416895,0.018147157627623756,0.9890522446121917,0.01529740023089149,242.9406594403633,0.018050382279739097,1.0169707183641228,0.015887067197883242,True,3358.3171382560135
31503,50,9,242.94631684243362,0.023202373994706704,1.0050434889893762,0.02017212693480208,242.95814280122386,0.02288099729665305,1.0452602093231915,0.020859074336731287,True,2283.5879501959894
31503,50,10,242.90090329257117,0.023416307838459716,0.930792100086069,0.019667541993419635,242.90318920760828,0.023219731446559422,0.9574207986623458,0.020228666853896682,True,1754.3278280890192
31503,50,11,242.8805647145401,0.02828552786199623,0.8728705347225266,0.024248832727712444,242.88554835021824,0.028369973757349953,0.8988627111468026,0.025362307803477258,True,1116.0527190173289
31503,50,12,242.86169873866385,0.03358341056724612,0.8691380351845023,0.033652943473538977,242.86842286704328,0.034095159258626495,0.8937076151859005,0.035359465984980076,True,764.8860780078526
31503,50,13,242.78012739706716,0.040997608426820875,0.8399330603064852,0.03603029725459811,242.78224958375895,0.04081432533409668,0.8635266558441361,0.03726890178510611,True,457.4818685329621
31503,50,14,242.62755440109947,0.09369180007844591,0.9172926934868723,0.09472152967007691,242.71281048981712,0.05122500208486258,0.8421501280130078,0.0413985014661471,True,313.1449480195525
31538,100,0,374.3551128111385,1.2596861124126804,4.999999999106376,0.027673473112245883,-0.5867349180949174,3.00238019894798,0.2510096088260743,3.6487913336179556,True,1629.8914965004624
31538,100,1,242.33583463086043,0.04729444013857176,4.458795757407168,0.04828120644826672,242.31596705042423,0.04534045605154802,4.442351177580127,0.04454001346688674,True,10552.770087608567
31538,100,2,242.2633836084798,0.042924142692100986,3.353466601520934,0.045780907655224246,242.15453090433516,0.043434880693837385,3.559756279353331,0.04604220917725588,True,10010.51389349369
31538,100,3,242.98411590661468,0.02414908058540277,1.99143731679298,0.029004309258401362,243.23681270441352,0.025932720384645336,1.3629766109272745,0.025061858517060442,True,7755.300584328654
31538,100,4,243.04238578852622,0.019723524351675792,1.5424645405272668,0.021051964387031163,243.08701692267655,0.02003674575493619,1.4654479375165586,0.01998607874297098,True,6469.475719550156
31538,100,5,243.0395569308049,0.0185073415725725,1.338858168359005,0.018255834977540908,243.05495108375698,0.018569725948353266,1.322309791715049,0.017741518015333413,True,5654.146483609146
31538,100,6,242.979165871747,0.018233722651828543,1.1949343163460897,0.01663806294939485,242.98892654024388,0.018281871872119382,1.1936884261819416,0.016534547540826727,True,4685.683225247726
31538,100,7,242.97632959334848,0.019342517455726238,1.1127991102985746,0.01777815069639932,242.981221766375,0.019344552597090114,1.1208852474398951,0.017729847200587234,True,3661.2594009608856
31538,100,8,242.96155374049826,0.020325770037445068,1.0181426851603321,0.017927348570832335,242.96384283790317,0.020285212552963117,1.0298432952640957,0.01810234070008243,True,2751.6809053189036
31538,100,9,242.95206813128513,0.023226906579225215,0.9639563912750295,0.020507087552122938,242.95599808416327,0.02315409054389761,0.9768367902791724,0.020420686279808975,True,2049.7707798559827
31538,100,10,242.92579884108045,0.026066786512146223,0.9447322143302583,0.022840782628642142,242.92888643437354,0.026015582572057383,0.9576684831162201,0.023172628839268794,True,1463.0423551567862
31538,100,11,242.8572718685617,0.029120979407508685,0.8383705534365119,0.025390347053065143,242.86026208969895,0.029249871847468967,0.8504803907209416,0.026017086359169272,True,986.063769542157
31538,100,12,242.9310736316301,0.03622436353633418,0.8656299691497771,0.030043093821260913,242.9337107393929,0.03611197340055128,0.8817577413991945,0.030653466607685087,True,645.1638812377277
31538,100,13,242.89722636883982,0.045064001770299456,0.8874825164647214,0.035640103273148316,242.8986908755663,0.04456755313763949,0.9057767536502015,0.03615471104407203,True,419.1771912489963
31538,100,14,242.8369306812364,0.05613335402145481,0.8432133138774328,0.040677797545654426,242.83862995977807,0.05489681388726808,0.871475072737958,0.04215889001402301,True,255.55368319930335
31588,150,0,847.7624634018825,2.5967611977375213,4.999999990731353,0.017287578340709153,-0.993368553911864,3.3915743140823595,0.30951469116432384,3.53538656168318,True,1012.9352723469069
31588,150,1,240.0567934387975,0.06414799357752088,4.999999999991059,0.004145757371189163,240.06213488188814,0.059406536452897285,4.999999694298506,0.11940587306398553,True,8086.977144274901
31588,150,2,240.95987248012136,0.043083896065326144,4.0517719136622325,0.03084004007338237,242.96469238275253,0.08000196750971611,2.489224803364801,0.06638515789520527,True,9863.467931187583
31588,150,3,240.70600153511705,0.05153108408664764,3.9021029296343697,0.03265823960351888,243.07494829816034,0.030113413058657557,1.7961527682458556,0.03203869007200244,True,7773.733124108342
31588,150,4,242.97090655291012,0.02302877240038015,1.646255688487432,0.028250063178877682,243.06335987589114,0.022070631944927754,1.4722236634203012,0.022484573533941066,True,5394.510563542628
31588,150,5,243.04552299180727,0.02086298524312724,1.367268928702427,0.021573138803401393,243.07176392746024,0.020995437086455127,1.3077046096749145,0.020034366963671446,True,4494.123791480644
31588,150,6,242.99177470099158,0.019811010958392217,1.1896432989942116,0.018756311341687093,243.00066721934715,0.019835340198554263,1.175199117087474,0.018144111476559144,True,3813.675998648113
31588,150,7,242.95988698273803,0.020667720826651248,1.0674989865970346,0.019897553566404214,242.96308473411744,0.020671478964814582,1.0695366989223074,0.01964615853873586,True,2894.51006034686
31588,150,8,242.97433793343677,0.022145333254357524,1.023595984537545,0.020020754520619244,242.97595800203223,0.02209853201837575,1.03051369611099,0.02001461502550539,True,2251.923103995111
31588,150,9,242.97681666951635,0.025605017544293673,0.9999299099734544,0.022807529730683174,242.97893211161565,0.025554838597784624,1.009886814288975,0.022975630222792587,True,1673.8411135903686
31588,150,10,242.9683290501754,0.03097257874743775,0.9821904447317626,0.026121097733940335,242.97101300367285,0.030898831031962004,0.9940435494840149,0.026507734401163274,True,1126.5085334149442
31588,150,11,242.9033424201966,0.03303557289056869,0.8950497393221818,0.027934739398391084,242.90596758818685,0.03294326272816761,0.9077033581418662,0.028383954627018426,True,818.1923826585376
31588,150,12,242.91660170399797,0.044387170218257666,0.8382466757304331,0.03746648110078582,242.9228336034388,0.04523635142908233,0.85754468488344,0.03928951954683202,True,498.7496233989792
31588,150,13,242.92876229254858,0.05832597114266491,0.8728020980712659,0.07115629171310162,242.9238527896909,0.051349607085498405,0.9151494018305347,0.045770053560485524,True,326.2493082349726
31588,150,14,242.5344286503953,0.17492691280395434,1.0774610879439965,0.1456046515794891,242.80093520592703,0.0738530958771122,0.8302498453313913,0.05577553615718145,True,217.4658894414396
31616,200,0,289.55759791192725,1.45960903150862,4.99999999394646,0.015724988065211498,280.8673693343688,0.5809899171196093,0.14313481785659637,0.7927886293458541,True,552.9135155925461
31616,200,1,238.06742984932004,0.06017085719459203,4.688197975387062,0.05755850685191577,238.4386907865982,0.17009463213068443,4.999999998853049,0.03126924175356782,True,6448.51416396901
31616,200,2,240.39855083192035,0.04160854632358735,4.01018161203284,0.027278349801341584,243.11605998162602,0.10426930808404222,2.34463553506506,0.07939406471089772,True,9684.025903354854
31616,200,3,240.4348374365927,0.045222965939558435,3.7999929373491454,0.02630286089017586,243.13037305906553,0.03478487546911424,1.8048735372821627,0.036956854841475484,True,7662.25673711172
31616,200,4,242.9526385042186,0.026006825770522823,1.6360306171064067,0.03507449882791269,243.08015965842344,0.02348805464113468,1.3996394726899102,0.024374804372826908,True,4454.229996367775
31616,200,5,242.97088818850202,0.021980570598728377,1.370615653298491,0.023238889339180058,243.01944293687043,0.021742961410282646,1.2835258759868673,0.020432457999262965,True,3955.0502818742025
31616,200,6,243.0004257113807,0.02254576457227131,1.2403436116340107,0.022338304654923258,243.01550032531932,0.022465268638129032,1.2134391449375355,0.020954347885241753,True,3082.58383116574
31616,200,7,242.9758866697451,0.021984681024747488,1.1019847330043269,0.020868844203702608,242.98149470603408,0.021909037359975514,1.0983647282909488,0.020317114099895117,True,2559.298576144872
31616,200,8,242.96424624752302,0.02580141433281824,1.0553529116003155,0.021642810282898717,242.96632460399388,0.025761382619151618,1.0617452874654865,0.02157019373778779,True,1817.584354095795
31616,200,9,242.95652075555634,0.028620247458704284,1.0097493211268325,0.02552278599696417,242.95887484652906,0.028580046646069945,1.017843432148909,0.0255527983969982,True,1361.489013924425
31616,200,10,242.9510069179139,0.035400407090037334,0.9910114830257429,0.03257072063143984,242.95637270716028,0.03546273927653942,1.0047082752269385,0.032833894374851624,True,969.7548071330806
31616,200,11,242.85262196113084,0.03698261928762747,0.9209134883189694,0.033138268032325,242.8558943191661,0.036955181436823636,0.9349359622192348,0.03375532161900485,True,692.7820356245052
31616,200,12,242.86166863666512,0.04385123541392488,0.8178535089340736,0.03511942341873364,242.86503031010213,0.045395839937995675,0.834292521775278,0.036739212981727165,True,400.2837909903774
31616,200,13,242.76562822597563,0.0959991876339501,1.0053224897851925,0.09627447469583689,242.85216055078575,0.05159312887289502,0.8436451165818123,0.03204233186970196,True,298.9187578720447
31616,200,14,242.88923887344393,0.06786091657095028,0.8689230184784923,0.053570617398128684,242.8605723153342,0.0637345082134857,0.857662245719341,0.0381170878101707,True,190.49121378239275
31647,250,0,282.297954213401,0.7825647857446256,4.999999999966379,0.011411409283390128,275.2753677343093,0.9761825805249202,4.9999989616343266,0.7156587748800196,True,688.4348270996742
31647,250,1,237.7253462925929,0.05931267769068427,4.483211896708708,0.06028140733344012,238.03321218142946,0.060459491099493334,3.9778440879914596,0.06061607986666906,True,6015.976180866782
31647,250,2,239.98743424857813,0.04260947264964443,3.917089069958558,0.027288570807028734,237.1679739610184,0.09886943287018823,2.352372295015979,0.0624006960351573,True,9093.928352302997
31647,250,3,240.45871638689064,0.04330850474556769,3.6925953002814746,0.024663232188830486,243.05269703979985,0.0415111909959478,1.921360829778134,0.04590742920473867,True,7845.237595129854
31647,250,4,237.14812547060882,0.031062914600397562,1.6820976049742238,0.02736173283678267,236.9128543464635,0.025666881058668878,1.4571421351479439,0.021370868400775733,True,4551.891680649214
31647,250,5,242.96996464050645,0.024713191232052623,1.4850417190885614,0.029315736343253018,243.03312534816794,0.024271369300805645,1.3504911657099201,0.02496358941869603,True,3700.0568393694575
31647,250,6,242.9406371768048,0.023630579224430903,1.2615757998493198,0.024782726601609517,242.964134453587,0.02348510813757798,1.2160506869048304,0.02269319685081761,True,2906.6584503794406
31647,250,7,243.0139835804957,0.0254916661155562,1.1624812111803084,0.024297404628936037,243.02094797835977,0.02560353116747649,1.152839912302386,0.02355347812744857,True,2264.842174715432
31647,250,8,242.94564908786396,0.02640783113794498,1.0764282946622077,0.023943534909714903,242.94881470204257,0.02639641363504097,1.078025678532584,0.023593394371617116,True,1763.0402695605187
31647,250,9,242.9493698157422,0.028737772875189194,0.9952168835837464,0.02719291007125907,242.95165926297932,0.028718072653560967,1.0038219936905017,0.027173090129058275,True,1283.3244642581299
31647,250,10,242.95231741447375,0.03153109619971417,0.9289440582557166,0.026836905352130513,242.95362740300789,0.031409244774607714,0.9381251840116976,0.02702673075988299,True,922.442490243541
31647,250,11,236.20558449687633,0.03698790087916848,0.8922302952298712,0.03373915079583967,236.20448858644434,0.0334720639442736,0.9029836795042426,0.026806285862231993,True,734.3849318476267
31647,250,12,242.7517096877322,0.04103929048650912,0.7906792359285549,0.035976478751778895,242.75154409827684,0.04107712483377668,0.8116797109981392,0.03844278742832924,True,409.8766648429039
31647,250,13,242.83955265936916,0.05034502934478269,0.812073405781659,0.04728444119915082,242.84220116530207,0.050654884143014556,0.8376423997729734,0.04955642966407686,True,289.17991121084697
31647,250,14,235.91870865735487,0.06543790335960864,0.7751139572885798,0.07738784165771978,235.93857973920203,0.05999073423710399,0.7625449609975394,0.049312915318973916,True,181.82301353907098
31675,300,0,280.4512312858028,0.7127101893544534,4.999999985015319,0.013625769379587371,280.0000000012818,1.1854933138436081,4.543627517564564,1.1453816461983444,True,632.917560573194
31675,300,1,237.4577542698176,0.06256653230396125,4.313492022279852,0.06533901107626194,237.30327977939348,0.06905996746941412,3.9854235110647687,0.06877969773353443,True,5021.432057031361
31675,300,2,238.892764644598,0.05110437876393803,3.602196780120564,0.03677284864630148,238.90448227870579,0.05093884484816158,3.594685464666833,0.0363074261573999,True,7642.906182216636
31675,300,3,240.15955143758725,0.04462050356032421,3.642972059057049,0.0251964124794537,237.02542969667107,0.03344771320846007,1.6197477255539772,0.02797196467814589,True,7554.821197326796
31675,300,4,237.2406685641771,0.027170605923231506,1.6123186651813906,0.024669133015103095,237.0402814731509,0.02392324063147555,1.4043197002860561,0.020410124222944748,True,4873.6709252614755
31675,300,5,236.91293004599726,0.02264837723558344,1.3644884254997016,0.02006750434224358,236.83508565303282,0.02162507646011136,1.2809953090046706,0.01781141690150756,True,4174.5827696701
31675,300,6,236.7778254206694,0.02059734837435201,1.2004179715004883,0.01869942781280609,236.74935412726984,0.02020817751427728,1.172972459267691,0.01709755967643345,True,3615.9240517547737
31675,300,7,236.63120362402765,0.021606929768609007,1.1110858785218425,0.018494062801993727,236.62155552221307,0.021404511991377717,1.100442639281453,0.01772118205319051,True,2788.2699360090915
31675,300,8,236.5304956034843,0.02279558490236866,1.0195687476127455,0.019239078572491297,236.5266279470563,0.022634159980654545,1.0247890572829517,0.01893874568011189,True,2114.591122716115
31675,300,9,236.38761000900385,0.02763056836019473,0.9838420035745208,0.02755964726350202,236.39101813364886,0.02539319017542141,0.9811557113071456,0.021019826465952796,True,1538.0700586843652
31675,300,10,236.37343300546354,0.03130566161938475,0.9372490009652376,0.028380213976062774,236.3691834333338,0.028784673826208973,0.9493877071989841,0.02322519251474353,True,1096.1646833404252
31675,300,11,236.28833580308714,0.035724306243182014,0.9079982725302235,0.03274097881278659,236.31488297731443,0.0334476703408626,0.8769970725122488,0.02384958268449655,True,768.9944518475629
31675,300,12,236.13954392696238,0.04554629359452633,0.8827233754449929,0.04304873882760757,236.1663130573879,0.04123315119079507,0.8615337116043525,0.03093637717097808,True,477.99604015306636
31675,300,13,236.14828259004577,0.05112687481417311,0.8269539726443963,0.05484818178466205,236.15166402071287,0.0495251456465553,0.8471653122866539,0.04392726469416919,True,310.9625773053164
31675,300,14,236.06912928303538,0.06553775257944494,0.7947001800368642,0.06454741908626788,236.07127377354595,0.06191641540277715,0.8250156038732528,0.05338116902396561,True,181.8104094745603
31948,350,0,554.2635465101864,1.2359395452750732,4.999999999975253,0.023448607869225757,274.99996064028994,5.664397782866928,4.750640668672335,3.5157080461295287,True,358.39815639911217
31948,350,1,237.437353103119,0.06605542213053184,4.0549230823185365,0.062224115011707326,237.7451598867466,0.09309793794976429,3.9402244632082972,0.15104698150457874,True,4057.1627730053488
31948,350,2,237.42586674806392,0.027502657203100966,2.4928359201390666,0.02586044236045626,237.42638150423429,0.0274310167933578,2.4919617300460613,0.02565654127506889,True,9046.358504714057
31948,350,3,237.51900314593675,0.02910992837712456,1.9898283879847223,0.0257019263522954,237.1427001108873,0.026010295347631995,1.6369572055525492,0.021425117614065847,True,8357.336623729554
31948,350,4,237.1811243409744,0.01905313947615639,1.4992687682472219,0.017128065940814396,237.0695562788479,0.018884861673029718,1.3732065031025782,0.015893856252434002,True,7113.609674589653
31948,350,5,236.98723811964564,0.01658402494403788,1.278479786460833,0.013743059838435268,237.29047013016222,0.005193730635213001,1.407267154404421,0.006473302119952451,False,6190.860554881973
31948,350,6,236.83866332338948,0.016424920065688298,1.145258678515821,0.013288442833036873,236.82576900645225,0.016287660320017494,1.137296570330186,0.01278384596223514,True,5108.23522824954
31948,350,7,236.6993505716048,0.016816222520006363,1.0524930019312384,0.013635742291444153,236.69289357734004,0.01670358856127052,1.0459433667952471,0.013287066834567596,True,4138.719068271254
31948,350,8,236.62387950790523,0.01803877806752041,0.9877349107167667,0.014467775243858116,236.6209971857144,0.017957797086964433,0.9909031662929662,0.01437746168100057,True,3094.5008743950452
31948,350,9,236.52468740355908,0.020831794260971037,0.9431544923181968,0.01664641622160057,236.52435228781258,0.02076797760778959,0.9462260132404459,0.016555721576076043,True,2157.444364372359
31948,350,10,236.45841128341243,0.024335341071179073,0.9304722207092794,0.022487313083104088,236.45347161938383,0.023557778035240062,0.9448368876493601,0.01972305178200534,True,1638.067976304568
31948,350,11,236.40550185307478,0.027404496640329512,0.8489052408828884,0.022922908944884135,236.40426131421464,0.026446981017528515,0.8592471154026929,0.020482577651268374,True,1057.3199577816388
31948,350,12,236.3237673075239,0.036406596533566926,0.9003423322601413,0.03193671439560686,236.36086546398775,0.0334045356256496,0.8571137760918478,0.022270787374292056,True,727.4314407182346
31948,350,13,236.38350544421255,0.07387078591857232,0.7398112540506392,0.061668627516773156,236.30639226431504,0.03857491555383774,0.7979918772294077,0.025449702573093258,True,405.0884794291284
31948,350,14,236.1775184471019,0.05151425685066613,0.7561110112972915,0.0448941623339178,236.18450881670196,0.04950774947886316,0.7667897715231962,0.037984385274911936,True,245.7164088122673
31960,400,0,688.5371370433357,1.5810445354457556,4.999999994478065,0.033533547067460034,276.2346857589168,0.4810095819436526,1.9987171436441393,0.7993318687659428,True,282.24776160964416
31960,400,1,238.00526895133467,0.10086053605242284,4.125423658875358,0.10401603842085017,238.4271275318865,0.17627082177769182,4.999999999353126,0.041076769530223434,True,1979.9330119097892
31960,400,2,237.39378442794185,0.025255221977246833,2.435313560070237,0.02234721879510615,237.39312861816785,0.025194414683127775,2.443549023495121,0.022329988519724342,True,9575.45653787726
31960,400,3,237.48055885491232,0.02621932533799054,1.9468994074327801,0.022001064057909914,237.16245276762908,0.027564817682218745,1.6604868480056088,0.021805830453037967,True,8365.728401373966
31960,400,4,237.18969996500402,0.01801871593436033,1.4576332548652153,0.015145055464194312,237.09797716249545,0.01800901232897445,1.363723561503565,0.014469362163050281,True,7534.771459519248
31960,400,5,237.04417393027728,0.016016423016367298,1.2715404474185328,0.013080358648958068,237.00810868038545,0.016105828561478575,1.2308785980789263,0.0128351190715571,True,6559.782426566468
31960,400,6,236.91260065367297,0.01583640303529421,1.1386896958229267,0.013216906591148936,236.8998351301833,0.015761380755023424,1.1230788622985013,0.012783775899707917,True,5393.455958286968
31960,400,7,236.8054466840611,0.016356675922864383,1.0587053432185192,0.012692895214608368,236.79791839345103,0.01628466353309932,1.0559348296224056,0.012493787741817863,True,4333.571273328299
31960,400,8,236.71039289909783,0.0181744094609968,1.0023627327761504,0.01395486809800739,236.70669773410424,0.018092617734041028,1.0008313282360655,0.013753821269718802,True,3197.127448257577
31960,400,9,236.61751656259597,0.019655374084024402,0.9550704831586757,0.014774242925923997,236.6159378800116,0.01958923579066152,0.9564981185879102,0.014641610498821844,True,2439.9812364081286
31960,400,10,236.5681810452673,0.02417346849273372,0.939683589862093,0.022362066558297533,236.578783650769,0.023542062454296797,0.9212163183555775,0.017620153215647694,True,1663.3261521122477
31960,400,11,236.48727960240038,0.028790664389745757,0.8933877595614741,0.02599929271481005,236.49580120603426,0.02864165419103415,0.8788439181352453,0.02105019507917305,True,1085.6384365547206
31960,400,12,236.3776569324382,0.033535683694339014,0.863716624910308,0.031439334658980744,236.38742529053434,0.032433115043602356,0.8518345540118349,0.024857398020319277,True,744.7681062420081
31960,400,13,236.33368957205533,0.03670642698375559,0.7802144089342917,0.030913362232526942,236.33284946876586,0.03580512480716891,0.7933913294147958,0.028551202682292498,True,491.14385489223946
31960,400,14,236.289520091291,0.049976848176541466,0.7972947488539306,0.04263586050216628,236.28135768454933,0.04868945300883354,0.8291171612208084,0.04152260938722746,True,289.1785968948198
31972,450,0,276.70074877154076,1.2547842310990802,4.999999999991578,0.04053784726655385,274.3594170970424,0.5698675050549014,2.617336244204591,0.9873423759167025,True,260.30356778416626
31972,450,1,240.75953968449576,0.18754089190375112,4.400094739192139,0.22793562301734882,239.90443533924898,0.5269841080442745,2.9631407263053853,0.48984469543581977,True,817.6345779391991
31972,450,2,237.39983522373564,0.024736952257356393,2.4220053875337926,0.020824716649725294,237.40024411202205,0.024687708914640893,2.423910512642332,0.020729152509556092,True,9952.675304555085
31972,450,3,237.36818663732475,0.02007032466694625,1.8088399834879605,0.018153530713251986,237.3686041235958,0.02006500733054395,1.8129341514344015,0.018189840505322463,True,9063.578663150352
31972,450,4,237.2094728689465,0.01712434687408404,1.4421084086039164,0.014422867405333384,237.148074814728,0.011759313965498563,1.063703184060151,2.9629910434680315,False,7935.247329875229
31972,450,5,237.11793983853823,0.015688829483863742,1.2556720171199829,0.012455346618437946,237.0845265921497,0.01578391968446624,1.219866012193538,0.012089490085228416,True,6870.282887463863
31972,450,6,237.01672384885427,0.015896346165320097,1.1504894186753134,0.013206212417706698,236.9984024056475,0.01583025508394087,1.1286767093787282,0.012771235160507377,True,5540.556666520395
31972,450,7,236.86782292470923,0.016975470964823103,1.090380626759271,0.015200052507521211,236.8666868483743,0.016426513678794663,1.0636943233464038,0.012279344660696578,True,4547.152209844075
31972,450,8,236.8131125695876,0.01769905298910146,0.9958374125326204,0.015231215095250605,236.81381943930498,0.017400193820378718,0.990260640792948,0.013228981977720267,True,3441.9034445102275
31972,450,9,236.67009573704942,0.01960104928087958,0.933153134191856,0.017006970138266964,236.67469095394685,0.019524486417097364,0.9260591559997909,0.014629520393076356,True,2440.849302112507
31972,450,10,236.6108525232053,0.02222294883776499,0.9119626839072374,0.020587566756032516,236.61688536669857,0.02168488666998769,0.9014792745827017,0.016840656444668534,True,1811.4355722577218
31972,450,11,236.62502896760645,0.025240756535865216,0.8624004972459856,0.02199889994529569,236.62908965747846,0.02490162296304277,0.858236370874154,0.01900537076827613,True,1244.47195455414
31972,450,12,236.495542550126,0.03036061258137579,0.8325430335743429,0.025922300039804336,236.49643400858406,0.029871445810996988,0.8401466603678017,0.023700834780072566,True,809.516575984015
31972,450,13,236.44151258970416,0.035833024167175154,0.7691705873536497,0.029119799980628303,236.4367148745215,0.035512053433734536,0.7908223996404382,0.030101755020663312,True,493.60496169357845
31972,450,14,236.20498930927587,0.16468435451139385,0.9120196879359638,0.10978280799769796,236.3937889608507,0.04828950294229628,0.7808615208618103,0.03639702540217277,True,335.87819942410727
31984,500,0,477.36493290973834,1.2124962954453906,4.9999999259062635,0.05365841848967934,477.99413483266073,0.12260972216790833,0.52096267210515,0.07336703918186027,True,202.44141650728017
31984,500,1,241.929869187641,0.35951829798649726,3.898610827163047,0.4900759379377755,241.1315000087043,0.54252478774481,2.2037988945815368,0.7041204344352335,True,342.3339297673514
31984,500,2,237.3523037803368,0.023600791985813885,2.3354518306635237,0.019869881758170393,237.3526082275582,0.02356965001270339,2.3373365820865906,0.01990912703633918,True,9933.603180971375
31984,500,3,237.32006371224108,0.01889944894740836,1.7570323680421709,0.01607591430831501,237.32068781766463,0.018891933249804538,1.7579933253866233,0.016081403186972376,True,9148.361099016796
31984,500,4,237.24788233341712,0.016895361947590004,1.4609434272580464,0.014041036575710542,237.0457482119248,4.97681207136506,1.547899726837004,3.656321665399059,False,8080.653019011467
31984,500,5,237.14241597865146,0.01512498553945818,1.2475634104051219,0.012687455077399545,237.11283398835403,0.015209856979026881,1.2111187796317144,0.012249175566348636,True,7109.458519643197
31984,500,6,237.06739141117043,0.015093429465679264,1.1221641563743567,0.013253881657652844,237.04729691818193,0.014892201897708901,1.102199567189394,0.011719188135648317,True,6010.457077418414
31984,500,7,236.89895153814626,0.01564201107798624,1.051993346522468,0.01200805566072638,236.8925846696238,0.015587989241183209,1.0465278391338562,0.011809187894221473,True,4752.10759276115
31984,500,8,236.80900683303528,0.017289811589137116,0.9859804696926668,0.015015108255642506,236.81203855047676,0.017013490830308342,0.9706227085058072,0.01253921740747932,True,3524.556212665405
31984,500,9,236.75205652549022,0.01870863311211224,0.921619270653527,0.016156822934656367,236.757910332598,0.018554880253972783,0.907641335648279,0.013512424507434617,True,2610.073087674575
31984,500,10,236.67619805956835,0.019896099472148876,0.8392196623985724,0.01687100257084162,236.6732260416832,0.019705047219446215,0.849607306449682,0.01654422434204067,True,1855.3950797964721
31984,500,11,236.59550972014034,0.02523291114009396,0.8450881706214146,0.021950463846667323,236.60053133549036,0.02503562718780472,0.837256294923441,0.01859816284193916,True,1209.4742167356953
31984,500,12,236.42394411688164,0.08150871063755005,0.9248543687072874,0.07075493857340642,236.51037384170465,0.031076172628502263,0.8516719482696897,0.02809088427708062,True,846.3211286828868
31984,500,13,236.43966848021097,0.03745719626930111,0.7969162884855874,0.03197710861101294,236.44513933013528,0.037445415162679296,0.8008052796119136,0.028494979120116726,True,523.437056716291
31984,500,14,236.43240286281946,0.04861605787705514,0.7901495825910082,0.03810057190430549,236.42617555272562,0.04732153284797391,0.8157680133839985,0.037559334533004585,True,301.3288735750743
31996,550,0,658.7977976399925,0.9552042876308633,4.999999917261978,0.0764780871104267,647.2848402281173,0.07756702041194785,0.3150504901952347,0.04739638509967084,True,200.0986594267085
31996,550,1,249.2948638437449,1.2140481323468748,4.999999852104155,0.04975942673106459,243.82198656534604,0.9697673927235257,0.1750507339718974,2.8328155116464417,True,234.2984054437613
31996,550,2,237.36342623581874,0.02383315206176917,2.317055308662596,0.019634183313478548,237.36297029649882,0.0237777558358232,2.320317743788806,0.019590393249496074,True,9601.743817137694
31996,550,3,237.29264365267298,0.018743601700435875,1.7673502491754194,0.015468355543884593,237.29352068154287,0.018733305955592527,1.7687856876350194,0.015502033283190109,True,9306.787675793299
31996,550,4,237.29562065293976,0.017373754641766936,1.4654513656414099,0.01346826254083,237.39626571337712,0.021528232932496394,0.6981362469011382,4.625330236755785,False,8331.58264464217
31996,550,5,237.15851593875124,0.015631698681346506,1.265381517284061,0.012652863519905133,237.12739084082685,0.015750520490570352,1.2300445399337439,0.012358949684056708,True,6987.706163967294
31996,550,6,237.07391431263352,0.0145455625033577,1.0874651779302276,0.011373867816548255,237.0617106319368,0.014501327628266836,1.0751958723914097,0.011150071840038467,True,5946.765532914126
31996,550,7,236.98716692344354,0.015781009904770826,1.0409527896227078,0.014098287109100771,236.9824400483673,0.015535013939398823,1.0345238128288723,0.012370363918617233,True,4720.454748134227
31996,550,8,236.8543713298875,0.017041260724951712,0.9747730974396868,0.014609129950280964,236.8515461004583,0.01676922752724863,0.9746422819677176,0.013310583889029226,True,3593.350407502301
31996,550,9,236.76866498469724,0.01841941712906703,0.9056378877148586,0.016263396929034835,236.76714186861025,0.01827330515841652,0.9113807735030095,0.015179676437349021,True,2606.1987102537278
31996,550,10,236.74368052047888,0.020781666803756593,0.8821116187715872,0.01727148610947965,236.7465099244121,0.020606969705482925,0.8787429428850605,0.015366248244126579,True,1920.593909352767
31996,550,11,236.65655027039702,0.0250771938909935,0.8521571040591897,0.021316198651624763,236.6571962384014,0.024773197166652494,0.8580248952495346,0.01974741824173587,True,1221.120828931356
31996,550,12,236.63461283232502,0.029335605660321562,0.8071241400746259,0.02192153889141757,236.63495841723145,0.029008993180028142,0.8178752128254668,0.021641492367174775,True,820.4091919542559
31996,550,13,236.5551947790187,0.03770759797633616,0.8335438669774843,0.0331328046567958,236.55121333182896,0.036982438855275745,0.8510583712411715,0.03169360470823601,True,528.4341219250808
31996,550,14,236.5280589103769,0.0664616683297794,0.752138560154837,0.05987608613844542,236.51156092959104,0.0431766898275896,0.7795716722160729,0.03261961888968451,True,322.83183785927156
32008,600,0,751.073452643655,1.4464680334193076,4.999999999700323,0.06798749366885959,751.5499931312316,0.09718058410203412,0.46287563631157896,0.08021050004291919,True,165.14446940745643
32008,600,1,254.64905592887848,0.8213729812202359,4.999999977354806,0.13475165880920015,253.8576128904167,0.7310210407235047,0.1965012690615451,2.753847899644913,True,176.78211493923558
32008,600,2,237.37247530437844,0.026370716576451514,2.3275728073126474,0.022390917147121492,237.3730683872492,0.026321805471354764,2.3309016243633636,0.02235234736292324,True,8053.946157663909
32008,600,3,237.28164947382362,0.018556015818234073,1.7589866562673397,0.015305296820626646,237.28260924595764,0.018548931255722323,1.7594058374991077,0.015306036716981608,True,9194.979305015271
32008,600,4,237.23560275436617,0.016629147333802052,1.4530487258672284,0.013840207262415971,237.15775244511735,0.018955947108281634,1.3746307521064585,0.01509133566549381,True,8192.133815871226
32008,600,5,237.16889223277798,0.015452993964686357,1.2523709610625466,0.013175321206133739,237.1363769312412,0.01562647849384291,1.2114912611316713,0.012788341835184847,True,6856.302733305944
32008,600,6,237.09568804762455,0.014656157970335926,1.1167551120098222,0.011950159123776172,237.08626529350892,0.014282106027849295,1.1051762340198152,0.012289794074280325,True,5935.868560132108
32008,600,7,237.00648219473712,0.01583233074414636,1.043431306364559,0.013767117012443486,237.00154706271263,0.015538091239847063,1.0273846876849015,0.011808912250554804,True,4627.371671246999
32008,600,8,236.97157771385713,0.017430726170843514,1.0025059837759214,0.014628470696837426,236.9690872449465,0.01716305455749989,1.0011616766222324,0.013226548912297353,True,3502.5730603976335
32008,600,9,236.86101422710658,0.019126640247733917,0.9549075657869612,0.015699225144085893,236.85866331661714,0.018614095698225697,0.9596546259358473,0.015047854157749119,True,2666.544292759349
32008,600,10,236.75513966746925,0.021426019739578805,0.9035677898539525,0.01720942402674308,236.76236151801368,0.02108716543811795,0.8914170323555902,0.014576289416997013,True,1877.6034337709243
32008,600,11,236.7433547819233,0.0245874551780787,0.849951487758151,0.019400102381125273,236.74386798206763,0.0243997671718148,0.8553792224665261,0.018490635209506834,True,1284.2130710424224
32008,600,12,236.60981421981762,0.02935713131465434,0.8080483731726481,0.024804251837528546,236.6114468116463,0.02914123460824669,0.8108919065796797,0.022784398361761216,True,811.1206819780261
32008,600,13,236.49989093992176,0.07248914000592777,0.8723356333833564,0.055415532958922875,236.62707780479172,0.037230081364469925,0.7697321668295163,0.02744289590064497,True,532.0354382038821
32008,600,14,236.4818005857616,0.043666206229403315,0.7585359449273517,0.03507536196286265,236.4769761865404,0.04319142988960323,0.7796947025356621,0.03605328352439219,True,326.2959000719486
32020,650,0,995.4456252839925,1.9059489579378237,4.99999998571076,0.16037748699989374,990.1060499977618,0.18378135159247222,0.6821543038707775,0.16118203859855945,True,132.01548555799263
32020,650,1,256.83643817978583,1.0633211494087647,4.9999997591425025,1.0427080588425115,254.0550932423693,4.5038338978642685,4.6268952317771115,4.763313163520481,True,118.0815596621607
32020,650,2,237.4551591020149,0.03334267817453451,2.276241105800231,0.02839883942642163,237.4543591780769,0.03322715402124743,2.288830900490782,0.028035784585619616,True,4904.547121348338
32020,650,3,237.2751540534204,0.0196067541095033,1.7530164157356503,0.016409878863719807,237.27529277298848,0.019589577541680114,1.7562927239085298,0.01641712149693353,True,8191.63674358197
32020,650,4,237.283885176637,0.0166838268274887,1.4414461653327806,0.013436941904868993,237.2352081731576,0.020274607453160343,1.3924167084283283,0.015908279347393917,True,7790.099239943388
32020,650,5,237.16340766130506,0.015345650344528394,1.2326910580551116,0.012573356969042049,237.13084989630966,0.015645041262686732,1.2022678769130597,0.01261323801818559,True,6854.463533637956
32020,650,6,237.09926091735522,0.015044318997837536,1.1265897059889396,0.011925461344674981,237.08602176201254,0.015033205938166816,1.1121107175312712,0.011684520504156914,True,5868.721249334625
32020,650,7,237.00335367526162,0.015833619738899074,1.0498681976703939,0.013118927510211154,236.99799173250807,0.015520977072483788,1.0357800813338485,0.011471868896744786,True,4671.139165654233
32020,650,8,236.97596339325287,0.01672146477690717,0.9720917583081915,0.013780104721927477,236.97143591440877,0.016556044501371048,0.9766308146612389,0.013123430929303959,True,3612.8567302833617
32020,650,9,236.92098219292112,0.018363269964567053,0.9390973653336001,0.014827530671777278,236.91867406712538,0.01814235653516505,0.9411670006591827,0.013871710839253648,True,2732.8668111051643
32020,650,10,236.81339477778965,0.02069012272255577,0.8884326298811179,0.01685874560894779,236.81331657704365,0.02065300534064818,0.8898977352611609,0.016779269805711594,True,1917.7163005410519
32020,650,11,236.6348699021745,0.04995477843070262,0.9787552715729169,0.04357813711982489,236.76278868366344,0.02598258897199912,0.8522680814712451,0.02073451801261783,True,1327.5734369576976
32020,650,12,236.60275347068074,0.05012120935208486,0.8706590497969157,0.04732533694324387,236.66925901477185,0.02845076088426879,0.8050109878206284,0.023145593229823624,True,889.797114685709
32020,650,13,236.56057107367417,0.0675940994719042,0.8739643163501151,0.06220821240411467,236.62209205903193,0.03601542457235496,0.821417898817394,0.028629381167919632,True,563.8394706943743
32020,650,14,236.58044109340034,0.062464368597616726,0.762087098651517,0.06162552445253555,236.58440107443667,0.04199728834980476,0.7689502961984246,0.03507904370692988,True,342.73735551532764
32032,700,0,332.6320258126893,1.0829234735111584,4.999999828701542,0.18544904338134582,322.2927657565241,0.08600976848939013,0.323185339020444,0.052917311941460765,True,128.86615997309497
32032,700,1,258.518093802546,0.9082427357287486,3.1233940328774503,0.7696507427795602,257.36482848042493,2.067573695999812,3.4284295152268975,3.9105325715047345,True,86.19918729540903
32032,700,2,237.59377484297644,0.041208424509392216,2.2842571942803684,0.038856945747670624,237.46209078658654,0.041584704952398965,2.1593165458941415,0.03624276776225588,True,3299.889908946603
32032,700,3,237.27391209453734,0.01792062658893201,1.737310494437812,0.014618830649682057,237.27457611866143,0.01791413527791974,1.7384703045625636,0.014645507019233395,True,9554.248864636711
32032,700,4,237.24181485850326,0.0156820784650904,1.4226246686137283,0.012434647900983031,237.24226998202835,0.015679238281094854,1.4236881401737007,0.012478785677544346,True,8577.436677224798
32032,700,5,237.1906817223639,0.014845635209994157,1.2546952811812655,0.011724107852541521,237.1585132957414,0.015478202916085593,1.2216611159584196,0.012129053771259168,True,7470.675834430447
32032,700,6,237.12732744561808,0.014637421307483578,1.119242471848988,0.01300353611339844,237.11207313320887,0.014521211022866964,1.100445271964716,0.01143893865196266,True,6316.505393777232
32032,700,7,237.05574044742852,0.015521251766344335,1.0509735246652625,0.013186498696836524,237.0504859143913,0.015317988407218763,1.0368789585239977,0.0115587903716039,True,4882.905695711794
32032,700,8,236.96803024378528,0.01666182404798633,1.0009157801932649,0.014379825970898985,236.9724597437498,0.016457287828117728,0.9830007660201527,0.012007488733723204,True,3848.4353007378477
32032,700,9,236.93919359601955,0.017841065641974296,0.9096211984765352,0.014375361371498363,236.9386316752522,0.017801052825248576,0.9100842793641731,0.01427230445841532,True,2753.01674848978
32032,700,10,236.85699217536424,0.020711161794878308,0.9070276455667966,0.01695239691382372,236.85708949554328,0.02053399449066262,0.9107544937481109,0.015908072698491038,True,2027.4758836208716
32032,700,11,236.7750269444323,0.02486756945764057,0.8875031762256023,0.01912342538556988,236.77634064812634,0.024016782996525876,0.8911094612776373,0.01879732806893636,True,1379.0494625173442
32032,700,12,236.7141173747515,0.04417502998188638,0.8802378253828153,0.035720446579009135,236.7411691464483,0.029165996799832783,0.8634033214550698,0.022336529202290234,True,909.8383026616945
32032,700,13,236.61628457176502,0.05404134485628731,0.8245662007401869,0.0517357917906045,236.69006106747796,0.03349753182776283,0.7478751603741056,0.02499660796846176,True,579.7054867516734
32032,700,14,236.58812401872498,0.041211970725441915,0.7721961151802926,0.0329808007925525,236.58806211152594,0.04120322637884044,0.7720034433368212,0.03294435554917152,True,357.7683159898267
32044,750,0,765.0000003177702,8.304203593128761,0.5729283577769076,0.1612146830047297,764.6924015052135,0.0897375559000011,0.33817911407469375,0.05613358898157797,True,22.727367574792787
32044,750,1,255.20296756553597,4.498885435173705,4.999998724269443,4.368256221355852,260.6698462922264,1.2913049106400933,0.27248698123257803,2.5890401858469576,True,86.15656734881344
32044,750,2,238.30379690047934,0.07169924929065985,2.443278393435159,0.0704496493158202,238.30939351119545,0.07143029941269674,2.482921763768425,0.06762065499152325,True,1430.1055989303209
32044,750,3,237.27398867999918,0.017774457254830622,1.7458758310875349,0.014200335748013604,237.2738576384238,0.01775683355037927,1.748878940988839,0.01421251085229247,True,9779.481233910265
32044,750,4,237.2548392630283,0.015500746153236378,1.4249106791718071,0.012106732065273462,237.2549172879152,0.015485997638236881,1.427211312142292,0.01210942734106002,True,8701.507296766116
32044,750,5,237.1986530758744,0.014977178583833961,1.2610633708733807,0.012083286200519128,237.36572374234248,0.006762005545326133,0.8350530437228596,0.012000133120439738,False,7595.407755751749
32044,750,6,237.13525716905147,0.01431277620251592,1.1169659055886638,0.01154910783642793,237.3570784203606,0.03450491636694153,0.6562250979589704,4.646844333039242,False,6353.80664359441
32044,750,7,237.0637220020291,0.01527593443972819,1.03832330621057,0.01268849255595872,237.05352901784522,0.015226982200118755,1.0238730836978167,0.01151287580285365,True,4907.853643841242
32044,750,8,237.0078107526724,0.01629634756503151,0.9651934364078452,0.013637538241528135,237.00450068454586,0.016264375884475157,0.961247784283759,0.012563473746850129,True,3884.456138359243
32044,750,9,236.9974052860365,0.017921173266628898,0.9153659178684698,0.014580219923834736,236.99626576179338,0.017879102578774564,0.9152081374696107,0.014472137810538854,True,2792.0826582913696
32044,750,10,236.948005687777,0.019512960339469032,0.855323974947099,0.01676822403073175,236.94845460114817,0.019495626150657586,0.8580686015518054,0.01675179397059945,True,2042.8545899819055
32044,750,11,236.83044685893506,0.023731067818303586,0.8403987432413622,0.01758385031367221,236.83018301617528,0.02380844374134483,0.8412939901100117,0.01850183399686306,True,1358.3628682894941
32044,750,12,236.7689885250887,0.03886164520065449,0.8488228588709863,0.03694049804967825,236.78705849468813,0.02860972167042064,0.8352525332517706,0.023133358661109105,True,885.6153175360495
32044,750,13,236.6733598900845,0.051162543550745454,0.8308199119218096,0.044191040065998666,236.70127959720867,0.03467063012458027,0.8141268213430356,0.026897822074073596,True,575.0628960556339
32044,750,14,236.4844547597943,0.10025689999277176,0.9040172227694176,0.08474263310940383,236.61246472931586,0.04688663317982389,0.8104846343801128,0.038765523738433505,True,367.88344356050436
32056,800,0,548.9393019116998,0.26728814769467135,0.9438456572099,0.322722520230903,549.0003194809497,0.18107541091825397,0.6062012658600112,0.11465121875976328,True,29.443586645241272
32056,800,1,259.0000738150917,3.9382790824055576,2.333672489497017,0.7972001323293738,260.65019237169986,1.3954172470311335,2.432917703157533,1.2591988967731613,True,50.92245235365434
32056,800,2,239.4872965815001,0.1366122813045223,2.786723153086569,0.19232342410845393,238.50813796385427,0.16050581385916018,1.6886189586570615,0.12033717828889767,True,593.7336366931388
32056,800,3,237.30690327991348,0.017667165383784322,1.7350385016595404,0.014997931562777511,237.3068377401103,0.01765372580310043,1.7381050249313632,0.015014691261782898,True,9758.61660774765
32056,800,4,237.24684172412788,0.01543530503255397,1.4220752035814268,0.012201268107770336,237.2470516912423,0.015423234088473237,1.4248470746001956,0.012213479567528496,True,8795.216233947296
32056,800,5,237.15288040769494,0.014630769436038804,1.2553554208902922,0.011749714196814476,237.1530655433153,0.014622450161539291,1.2568376859157921,0.01175466172814088,True,7630.189614751944
32056,800,6,237.13389016092708,0.01449226132945114,1.1235870024489272,0.012799511378356443,237.12669696839384,0.014323877947816754,1.1010396922862653,0.011003588977637202,True,6463.473307386054
32056,800,7,237.0751747854313,0.015033902299407487,1.0243172787175647,0.011109768675092613,237.06247183682302,0.015201767989154291,1.0141924379593394,0.011176405176024695,True,4999.975286797511
32056,800,8,237.04599269426578,0.016029520708016776,0.9806072160471003,0.013303077957550702,237.04227696246053,0.016037278501030983,0.9760210634768294,0.013170015395652157,True,3935.3308455666906
32056,800,9,236.97051372634428,0.01764284612637823,0.9245806031614682,0.01424681617012069,236.9701664090406,0.017620743818596907,0.9252685342942647,0.01418558315806756,True,2836.9299813635876
32056,800,10,236.89806044481716,0.02851366602425287,0.9577526404061102,0.02837096365555908,236.93218751668587,0.020813508891492916,0.9144308116883071,0.01722719654032301,True,2092.6120751963294
32056,800,11,236.8378056605035,0.034348236892611794,0.9274890166862952,0.03487639698759498,236.89210907255364,0.024432405543961977,0.8633997065826412,0.01977380101575077,True,1408.0574719873337
32056,800,12,236.72193132443672,0.04264293791349871,0.8728529243985459,0.03172178424380612,236.78241924409238,0.027844113755108424,0.8309068500288334,0.019400526410623897,True,947.6893379488779
32056,800,13,236.77788027349942,0.032256409867031266,0.7843049003248953,0.02669530802646125,236.77872187273113,0.032320754848697675,0.7813373546653285,0.026897169012025435,True,592.1530888508315
32056,800,14,236.70585595625502,0.0425792480459819,0.7804650689370649,0.03558453613014656,236.70579853632324,0.04240631413443907,0.780379810905633,0.03523407745822155,True,338.02965036832813
32068,850,0,336.0635214696621,0.17480666108559717,0.5514690460846489,0.11238477098806218,336.2483274349032,0.09768058299863469,0.2755551103695347,0.060239479135617335,True,20.29066991631806
32068,850,1,260.34025126255233,2.335941099810384,1.9948890711450027,1.1705489799194706,263.42629284745345,0.6152903288773359,3.9292190619577956,0.5432693552776304,True,49.8343044865807
32068,850,2,240.09475034026056,0.5279372957235466,4.999999869644106,0.2093018609872228,239.35787807313653,0.1907782393914772,1.31136846588224,0.15303060160306692,True,349.2480033019041
32068,850,3,237.31302399725138,0.018018185581212265,1.706801660929484,0.014304895387400873,237.31320864210568,0.01800511401368965,1.7096553061134887,0.01432001324261678,True,9334.517157551081
32068,850,4,237.21508842987907,0.015153466312753494,1.4058872929474138,0.011840864010746133,237.21510565304794,0.015142449347379738,1.4080145524951138,0.011847065262450496,True,8807.723897265936
32068,850,5,237.18030219702075,0.014110494185246125,1.229506018164915,0.011252818471097492,237.18029355514525,0.014099940805266442,1.2317665044687753,0.011268758231851361,True,7714.422828912191
32068,850,6,237.1021237432297,0.014279206278274614,1.121712539086932,0.011429307305202308,237.08729504203794,0.01451374795364302,1.1052051045242521,0.011568453497453945,True,6465.134105252279
32068,850,7,237.08405874075245,0.014988726616508075,1.0423409700358404,0.012426893723979315,237.07515730500683,0.015108992305144398,1.0320733445116972,0.012439341136425197,True,4970.7038417313115
32068,850,8,237.06291323904048,0.016007735402013168,0.9537831533029575,0.012608585044215914,237.06006173834822,0.015976971317385846,0.9511203494717666,0.012463533448058506,True,3837.2331325001537
32068,850,9,237.02433146284724,0.017397595744057526,0.8955416888181783,0.013614747600204424,237.0234252977233,0.017354546979959196,0.8956801839799836,0.013518246897940678,True,2865.712568523512
32068,850,10,236.96156848423468,0.024564846110749272,0.897342854544977,0.02573578201212784,236.98573870031987,0.020234897716349565,0.8631874770139879,0.016406785565718063,True,1965.1749082026463
32068,850,11,236.9669956852875,0.027432703447900053,0.8565641659827874,0.024702154969729162,236.9767795790774,0.022924037624420635,0.848978356065061,0.017551728588326432,True,1400.329643811757
32068,850,12,236.77626213818337,0.03662618796680306,0.8512882509456535,0.035401791821476736,236.81740537312862,0.026684243124961426,0.806969764525214,0.020704588749099806,True,992.546411026823
32068,850,13,236.75748478791772,0.03507243808743965,0.7907219684080776,0.02543669725747233,236.75650424136987,0.03505207151822276,0.7875935514637273,0.025538911682002785,True,580.5550982045138
32068,850,14,236.72968976734808,0.05363719540731893,0.8012683159407928,0.05682908889558147,236.76369803710756,0.03971270277625649,0.7623228472845769,0.030474904696457805,True,398.2429820371002
32080,900,0,417.0000247218243,10.766458159568714,4.999999999613217,0.9653922251962794,416.0867537256,1.4196978437328198,0.16559577760354321,4.522462431269663,True,95.46531712924045
32080,900,1,745.0,0.0,0.9069376854757694,0.46467554979078485,744.0202982497095,3.8705290476567598,0.18365642448252684,2.5047665120384224,True,15.57030042469851
32080,900,2,240.85246670156437,0.23280712883091326,0.8687819500618855,0.7520456519205898,240.78079498974407,0.2472374394989032,0.7361569447926396,0.32567969864209867,True,31.476129701941183
32080,900,3,237.3160127842214,0.019067154149510657,1.7027512032541807,0.015352094514057169,237.3161184125945,0.019048188249300324,1.7054073045737916,0.0153584731766373,True,8234.379040312524
32080,900,4,237.19144601212705,0.015496167285249385,1.434926339433927,0.012630083958414251,237.19214909591602,0.015497896746751394,1.4352926999086932,0.012656597796105507,True,8922.363447688189
32080,900,5,237.1890750869889,0.014336771597115217,1.2226791713150702,0.011835910855088061,237.1893171278423,0.014331276723893893,1.2243306785809587,0.011843939697243178,True,7624.614368614197
32080,900,6,237.14432607639722,0.014372533842191615,1.1097431735892982,0.011602098416157447,237.12637427281626,0.015098539714827552,1.090341853134729,0.01222184188237041,True,6331.697646164874
32080,900,7,237.09628154677162,0.014569947509826875,1.0286304346265334,0.012364664192010322,237.08727687370236,0.0145300287814365,1.0179366085451627,0.011392150219166841,True,5206.861558252333
32080,900,8,237.0308874926254,0.01586468354560111,0.9518061038036583,0.011933527287716461,237.02288823596638,0.01601350125662293,0.9458190447960657,0.012031234994216045,True,3937.5799423928543
32080,900,9,237.00920997899726,0.01864544074626906,0.9434528976603829,0.015367277030339466,237.00737791614168,0.018589764844819,0.9423050104791145,0.015193526800098112,True,2796.360859853493
32080,900,10,236.99584312580885,0.019536374938851964,0.8677052441369794,0.015430240215701052,236.9957555013354,0.019496237906864167,0.8694573122591333,0.015371615551330764,True,2069.790292689592
32080,900,11,236.94020784622117,0.029804057313356225,0.8884116107649478,0.02764632428358188,236.956247285612,0.023849091124716892,0.8778424577240632,0.018755156707291776,True,1401.3073717998257
32080,900,12,236.8181719156969,0.041209935490741145,0.9098604619941101,0.04087832581860695,236.85298214095226,0.02974109826516269,0.8763496956691204,0.02489870905527014,True,935.8964894934886
32080,900,13,236.86578339075174,0.03804546076787574,0.8223086368617567,0.030129168725673505,236.8657042741812,0.03801904724521421,0.819464735150595,0.030315583453805584,True,542.0904439606785
32080,900,14,236.75556873338462,0.044006229702503674,0.8208733723583439,0.030064429073573873,236.75551711188592,0.043996957395449954,0.8206614428993729,0.030033429785941146,True,355.62967330523634
32092,950,0,546.0000001164634,5.0114060275962515,3.184015039296898,0.6181724486135038,545.3370450831164,0.09167917914857071,0.36693842049073777,0.06064379804497111,True,68.35281755571224
32092,950,1,259.0000137866162,5.128383332022537,3.405864593305798,1.0860348607362442,258.49308176547197,0.13830891572422388,0.32670379235311353,0.3444137173202985,True,51.97597289832892
32092,950,2,247.00722237415476,5.628371382249966,4.222017228421754,3.639747743193373,249.34976274387267,5.1669506725907155,3.2376344193030113,4.0142991494117295,True,92.33046479746699
32092,950,3,237.30270334628108,0.021736624007047567,1.7156686727452541,0.017752433082720565,237.30135295670473,0.021643175631098188,1.7229225620815383,0.01731917890614254,True,6570.665160956434
32092,950,4,237.22871735754052,0.015135801356862544,1.4118263347731532,0.012372750322815151,237.22936329901793,0.015136000597664179,1.4117450494917063,0.01234833144908798,True,8972.003405427771
32092,950,5,237.20340577346374,0.014343000360682367,1.2300969635255508,0.011592342416350543,237.20252713050473,0.014313594727468626,1.2363943462666838,0.011590558105782023,True,7801.297625676103
32092,950,6,237.16430443886446,0.014301417407537542,1.110143471072822,0.012300325462055728,237.1673819066933,0.014070335021926894,1.1054647811465594,0.010874680803085068,True,6417.9510206824425
32092,950,7,237.07472399463688,0.014827358819900383,1.0329014398620335,0.012558520313354471,237.0686209387574,0.014827489005767802,1.0206078168885608,0.011356755792826578,True,5134.300941024673
32092,950,8,237.0672759643391,0.015983702937688804,0.9817465601480977,0.01275654545963284,237.0651786460737,0.01589989701442107,0.9729342477845908,0.011576173690672598,True,3982.3511849240585
32092,950,9,237.02180895311912,0.01762497311626987,0.9146988696696444,0.013890189072917447,237.02073328822195,0.017585198828797388,0.9145255905521142,0.013790026579658499,True,2903.601699030197
32092,950,10,236.98938793661614,0.020086530841993522,0.8846430956711596,0.015755800345203297,236.9895095895247,0.02047633367649837,0.8868323780933216,0.01604249969201782,True,2008.578546692484
32092,950,11,236.9369232039814,0.02430613647334212,0.8623471869586156,0.019025323003748096,236.9364335450719,0.024268881608165316,0.8611176587939811,0.019593248382512085,True,1369.9131867587057
32092,950,12,236.91943074878796,0.03330303479897623,0.8541821418549099,0.03337488562610219,236.96069186504687,0.027528238234609148,0.8005604972705723,0.020432255153465917,True,960.4233635169342
32092,950,13,236.81786214439467,0.03170020076358071,0.7653189781764256,0.02406073220380689,236.81764404717975,0.03168490509449384,0.7648231546443708,0.02398531447085661,True,606.7092316042108
32092,950,14,236.7782324901581,0.03988451245959368,0.7445397517836011,0.03010274446026895,236.77756045286054,0.03970356157499566,0.7434410871791652,0.02953348986983617,True,370.92568695091336
32104,1000,0,564.1311794305025,0.19114542050249383,0.630991724480186,0.15127607682061947,564.1942116810691,0.1576429488922031,0.49637221184122465,0.10118541849255963,True,19.90335981640788
32104,1000,1,596.0,0.0,1.2422695165788167,0.5213173489590412,595.3008151381435,0.11402726105734473,0.3310492263455679,0.07039062915336991,True,17.73352687118058
32104,1000,2,249.00000559829613,5.631067613896789,4.154121840938161,3.666964510612387,249.12465769445006,0.7109631541721058,1.6381669211494896,0.706645804364394,True,64.07340955552147
32104,1000,3,237.43621158707458,0.028112331130998314,1.7481235015640497,0.023766784007281605,237.43702735589645,0.02802795853604323,1.7536829872990536,0.022871159620947212,True,4171.402501991175
32104,1000,4,237.23838779399665,0.015638492368040602,1.4482994194128576,0.011987221044887586,237.23845820456154,0.015635112297545106,1.4508470985171398,0.01217703438175799,True,8958.679488133073
32104,1000,5,237.1821965657798,0.01455552971879115,1.2528472472508132,0.011537211819401372,237.1828488799518,0.014578847491279134,1.253244109140173,0.011834995740956034,True,7694.476119690487
32104,1000,6,237.14845007079194,0.013871443231138869,1.1035131726524483,0.011059049138228638,237.14859407404893,0.013863564755638436,1.1053223724816335,0.011068312604978425,True,6591.713912561025
32104,1000,7,237.1186392419464,0.014725489397221736,1.0455803481668369,0.01220838386853984,237.108313163221,0.015357760064560466,1.0227262768518088,0.011434843576381915,True,5345.708807876738
32104,1000,8,237.0565555123326,0.015679863423514462,0.9580688510794123,0.012712853126781665,237.05195394248926,0.015615541591628812,0.9531672555217386,0.011887873549075945,True,3940.897244077583
32104,1000,9,237.04364315265943,0.017696975967751882,0.9164034049279667,0.01342004679647163,237.0413011907315,0.017676938680978083,0.9149401861231173,0.013322171093335111,True,2881.3555344791152
32104,1000,10,237.02722194737038,0.019388632223183322,0.8766366907349067,0.015065120409935462,237.02487614812367,0.01947963335607028,0.8755710978913801,0.015147509959417937,True,2109.967476600178
32104,1000,11,236.94333148459543,0.02822705945969517,0.8828209737873223,0.028948529888135843,236.9755023105485,0.023375997992502562,0.8335007419164228,0.018224219650674722,True,1451.0143623072981
32104,1000,12,236.83564138479275,0.03614526761145953,0.868562220366568,0.043364688236110394,236.88671785418182,0.027655894502274236,0.7830771321878582,0.02126737176750043,True,963.3986159249031
32104,1000,13,236.87409016598448,0.040894394889960495,0.8300985548568169,0.036277747689194006,236.9234172793826,0.03303763325315856,0.773726081977959,0.022578027909492815,True,637.1693955761667
32104,1000,14,236.76634136652706,0.058413520383410855,0.8543378268126972,0.04786868269106337,236.87395092846774,0.041153042549211705,0.7498483944043073,0.02470240874560481,True,422.24611661845523
32116,1050,0,907.0539140896605,0.5773731813715131,0.05889987485759332,3.730302410487165,906.3107325075085,0.10339016925235,0.3415816252584821,0.06507546931197586,True,1.0325538220672654
32116,1050,1,289.0,0.0,0.6493084512945584,0.4564208339225539,567.1662315672371,0.22577669537804468,0.5325145911627371,0.14438470679265775,True,7.4570468520417625
32116,1050,2,256.5001297630664,0.13416993445190428,0.3748290537793772,0.7354597667180578,255.4247530209243,0.13059542145283842,0.4404919525028849,0.10051760807212737,True,9.085133096683428
32116,1050,3,237.71503456790487,0.04171985258084021,1.8452263948922645,0.03894975561152747,237.72394586072116,0.041269204967946393,1.833409600038794,0.03434022590117436,True,2226.801957472907
32116,1050,4,237.21284626980065,0.01503412521253722,1.4134212898468905,0.011661580021668838,237.2128800571802,0.015023361605955188,1.4154194665524462,0.01166637600127407,True,9111.502901603946
32116,1050,5,237.2011765752998,0.014209241475839463,1.2337728181325616,0.01118784486237756,237.2004367450722,0.01417626899298341,1.2385406746765535,0.01109309025040428,True,7962.4138023215755
32116,1050,6,237.1770944829313,0.014446921558345593,1.1194115588804294,0.010516626611659974,237.17730743735126,0.014437895187469962,1.1212147290429946,0.010522620535530547,True,6562.940626884955
32116,1050,7,237.11921584419915,0.014692691103562083,1.0296234528471455,0.01235837030950171,237.10953942931604,0.015019905222857233,1.016851982821032,0.012629096727817535,True,5219.197721757144
32116,1050,8,237.01665319525006,0.02278540637011872,1.054871138949771,0.021089491208396316,237.06676401648326,0.016934711500965705,0.9706128410283944,0.013450325792005058,True,4200.205855624623
32116,1050,9,237.06140206527184,0.016745871253490918,0.901526651647237,0.013301192790250826,237.05947239476976,0.016763562629847684,0.9003051680545604,0.013287375210189079,True,3036.9853023104592
32116,1050,10,237.02168084895936,0.019753540923218793,0.8789681967680021,0.01617760547698449,237.02116855456566,0.019720758683163808,0.8801517164695409,0.016113447094086963,True,2103.6523432863137
32116,1050,11,236.9777561143999,0.02661978569084056,0.8539462380310113,0.027131439357187814,236.97896473436163,0.023223899147765792,0.8537828944825764,0.01932020495512793,True,1389.0706911385241
32116,1050,12,236.91489340156338,0.0357166700724747,0.8797441609035872,0.033435603467251274,236.95473892279247,0.0290672501824929,0.8174065625378706,0.021140917234660495,True,963.1242292742135
32116,1050,13,236.90567161740987,0.03520523674551157,0.8373364336313464,0.02908138662962273,236.8934903136557,0.04073650941384699,0.8238705678817749,0.03492778796038337,True,594.8227274666756
32116,1050,14,236.83959707999423,0.04319560433570757,0.7307395514080859,0.04368788276383512,236.83370850967432,0.03928991213415145,0.75397457691978,0.03396597382647998,True,369.42459869651276
32128,1100,0,632.6536224018135,1.8882260862242788,4.582873345351627,3.6270757780143157,634.1130776729307,0.17714017447622155,0.5706299737243724,0.14031905088313376,True,87.72172798087584
32128,1100,1,433.968680353298,0.5155517184986991,0.7281953983950231,3.723103475927074,432.373430313146,0.1280300468364146,0.39836798424672576,0.08924715759329097,True,13.180330379115794
32128,1100,2,524.9999942519639,2.001876740395744,1.9643191076448971,0.9044160488032902,829.963805662693,2.022794356394229,0.17877480849124452,2.930135409300907,True,34.22901828119771
32128,1100,3,238.35528070033533,0.06159546849916353,1.8454634574128863,0.057533584854247644,238.32092627098103,0.06019944045426939,1.830405804332493,0.0527178652897784,True,1034.603474103386
32128,1100,4,237.231246257321,0.015615788716829115,1.4313600522575072,0.012674840250974873,237.231958428422,0.01561793037116388,1.4313918953378038,0.012666236985978019,True,8765.976928025395
32128,1100,5,237.18539981704703,0.014511351621308677,1.2472805693150808,0.0116345986540346,237.1857252129471,0.014501819944257477,1.2493537447873708,0.011644460781591648,True,7707.244806037147
32128,1100,6,237.16816156689674,0.01418830662215953,1.1236570230320002,0.010976072091456679,237.16820383581822,0.014185127076231652,1.125765265228895,0.011148941666705992,True,6553.354753577745
32128,1100,7,237.1068527540114,0.01496552641079063,1.040018224062781,0.012318363824976086,237.11203443283424,0.014928307471535618,1.0276902538954877,0.010724809676382008,True,5252.662266499302
32128,1100,8,237.09281080426376,0.015971129884889024,0.9722309354647142,0.013357323451784087,237.09050562949358,0.015954366930614583,0.9697717354400872,0.013246231847543255,True,3942.9315811793344
32128,1100,9,237.01828067428826,0.023268461828862996,0.9810360937109529,0.022453587874407432,237.06376617480535,0.017896826238867902,0.9197437146204198,0.013850451478338799,True,2966.0632057444786
32128,1100,10,237.0020600462402,0.02520204447095864,0.9400014290795269,0.023309563459991856,237.05026886827804,0.019770796336786134,0.8852749575319155,0.014731558041413462,True,2203.244484535718
32128,1100,11,236.99235763273887,0.026907086881877262,0.8798216971410645,0.026389004523172666,237.02945701114797,0.02258858470162295,0.8280735122486654,0.016669643889199615,True,1504.8804341803907
32128,1100,12,236.82855879160837,0.03734934995466688,0.8765714687950449,0.039193075805817046,236.8815416593236,0.02812308230660676,0.8064250014731249,0.021773365267417466,True,956.3554745596106
32128,1100,13,236.9070435833878,0.03345719839037997,0.8295943901031749,0.02727621335311342,236.90316197593813,0.034481651924267,0.824481372104328,0.028802461851586858,True,625.885260242578
32128,1100,14,236.8410267912735,0.0396213191634871,0.7587660106648133,0.03501106200321902,236.84065713894617,0.0394177373314335,0.7537866686711195,0.033404495302886195,True,375.1247001303401
32141,1150,0,391.6512559213192,0.11936616866918826,0.38415485212393247,0.08638184310374444,694.7123860672912,0.16664285798287892,0.4156249936928094,0.13601491755640605,True,14.001733500648312
32141,1150,1,320.00090235281624,0.595829062698499,0.2074042793672898,3.953265741083622,497.3729148892047,0.1283380802427132,0.3994123279282571,0.09142802981650175,True,3.9165869683680867
32141,1150,2,938.0,0.0,0.49749873293072383,3.40584710177992,936.9922249398026,2.2895165527637573,0.18859664990930083,4.809838396142858,True,8.745091380028985
32141,1150,3,239.13914956366224,0.10150735424375057,1.640768023907089,0.0891279055800428,239.01189045844262,0.09549241407357556,1.5659295176110573,0.07351507607725172,True,418.32594823090966
32141,1150,4,237.2602156713829,0.01589459036264884,1.4325904671112117,0.012692106534905268,237.26045601735916,0.01588577474778674,1.4346988343607707,0.012700100265618519,True,8514.884892443864
32141,1150,5,237.18293451267942,0.0142863006774121,1.2466668510907744,0.011716629403125567,237.18359861315133,0.014308057501040139,1.2465810194162656,0.012012271173813538,True,7891.373728081431
32141,1150,6,237.16846543148776,0.014103877181355529,1.1080967098554861,0.01097147069469806,237.1686759122087,0.0140959319869296,1.109765821697905,0.010980821570686694,True,6499.750272608208
32141,1150,7,237.09485373645165,0.014421726538998314,1.0145236654852117,0.0107812324451666,237.09495464441017,0.014410456124366533,1.016585965372461,0.010795904977539461,True,5281.4622419387615
32141,1150,8,237.06915619733888,0.015828401356500876,0.9657761171071837,0.013179566294156508,237.06962043038934,0.015821428896799716,0.9674114747186171,0.013195313964752764,True,4020.7031850962926
32141,1150,9,237.09941924655433,0.01676663380354171,0.9211629595393398,0.012634272038208993,237.0941656822739,0.017030639732411146,0.9163818440021241,0.013527646498543433,True,3126.9853571741305
32141,1150,10,237.04142650540768,0.020341407818250445,0.8935257850318794,0.016330228149312898,237.03839837995253,0.020286481044792026,0.8969712571501417,0.016178370965944544,True,2088.3150852737867
32141,1150,11,236.96653994080836,0.02811796624099827,0.8921423208190368,0.028397848671502468,237.00240889038332,0.023234533806530067,0.8438317513207167,0.017947869582491005,True,1472.3667971186096
32141,1150,12,236.90156814218415,0.03268476942763243,0.8333421118822916,0.03072476082489156,236.94033363935148,0.026772317817403746,0.7886695400566242,0.019293804863787012,True,952.8786111626912
32141,1150,13,236.87700399516723,0.04252891224551547,0.8483937124421471,0.04270738664281665,236.90799777054306,0.03423994327975777,0.8160155051787313,0.02677351412555351,True,613.8743028371637
32141,1150,14,236.9435908164601,0.04706925126185979,0.8036883418546277,0.044700703508928574,236.9503637341793,0.041501787467936424,0.7989639094604154,0.03261227656584209,True,390.7873224077774
